<?xml version="1.0" encoding="utf-8"?>
<!-- Created by ModBuddy on 12/02/17 2:50:55 PM -->
<GameData>

	<IconTextureAtlases>

		<!--    Unit/Building/Flag Atlas    -->
		<Row>
			<Atlas>SMAN_EXOTIC_UNIT_ATLAS</Atlas>
			<IconSize>256</IconSize>
			<Filename>ExoticUnitAtlas256.dds</Filename>
			<IconsPerRow>8</IconsPerRow>
			<IconsPerColumn>8</IconsPerColumn>
		</Row>
		<Row>
			<Atlas>SMAN_EXOTIC_UNIT_ATLAS</Atlas>
			<IconSize>128</IconSize>
			<Filename>ExoticUnitAtlas128.dds</Filename>
			<IconsPerRow>8</IconsPerRow>
			<IconsPerColumn>8</IconsPerColumn>
		</Row>
		<Row>
			<Atlas>SMAN_EXOTIC_UNIT_ATLAS</Atlas>
			<IconSize>80</IconSize>
			<Filename>ExoticUnitAtlas080.dds</Filename>
			<IconsPerRow>8</IconsPerRow>
			<IconsPerColumn>8</IconsPerColumn>
		</Row>
		<Row>
			<Atlas>SMAN_EXOTIC_UNIT_ATLAS</Atlas>
			<IconSize>64</IconSize>
			<Filename>ExoticUnitAtlas064.dds</Filename>
			<IconsPerRow>8</IconsPerRow>
			<IconsPerColumn>8</IconsPerColumn>
		</Row>
		<Row>
			<Atlas>SMAN_EXOTIC_UNIT_ATLAS</Atlas>
			<IconSize>45</IconSize>
			<Filename>ExoticUnitAtlas045.dds</Filename>
			<IconsPerRow>8</IconsPerRow>
			<IconsPerColumn>8</IconsPerColumn>
		</Row>
		<Row>
			<Atlas>SMAN_EXOTIC_UNIT_ATLAS</Atlas>
			<IconSize>32</IconSize>
			<Filename>ExoticUnitAtlas032.dds</Filename>
			<IconsPerRow>8</IconsPerRow>
			<IconsPerColumn>8</IconsPerColumn>
		</Row>

		
		<!--    Flag Atlas    -->

		<Row>
			<Atlas>SMAN_EXOTIC_UNIT_FLAG_ATLAS</Atlas>
			<IconSize>32</IconSize>
			<Filename>ExoticUnitFlagAtlas032.dds</Filename>
			<IconsPerRow>8</IconsPerRow>
			<IconsPerColumn>8</IconsPerColumn>
		</Row>
		

		<!--    Promotion Atlas    -->
		<Row>
			<Atlas>SMAN_EXOTIC_UNIT_PROMOTION_ATLAS</Atlas>
			<IconSize>256</IconSize>
			<Filename>ExoticUnitPromotionAtlas256.dds</Filename>
			<IconsPerRow>8</IconsPerRow>
			<IconsPerColumn>8</IconsPerColumn>
		</Row>
		<Row>
			<Atlas>SMAN_EXOTIC_UNIT_PROMOTION_ATLAS</Atlas>
			<IconSize>64</IconSize>
			<Filename>ExoticUnitPromotionAtlas064.dds</Filename>
			<IconsPerRow>8</IconsPerRow>
			<IconsPerColumn>8</IconsPerColumn>
		</Row>
		<Row>
			<Atlas>SMAN_EXOTIC_UNIT_PROMOTION_ATLAS</Atlas>
			<IconSize>45</IconSize>
			<Filename>ExoticUnitPromotionAtlas045.dds</Filename>
			<IconsPerRow>8</IconsPerRow>
			<IconsPerColumn>8</IconsPerColumn>
		</Row>
		<Row>
			<Atlas>SMAN_EXOTIC_UNIT_PROMOTION_ATLAS</Atlas>
			<IconSize>32</IconSize>
			<Filename>ExoticUnitPromotionAtlas032.dds</Filename>
			<IconsPerRow>8</IconsPerRow>
			<IconsPerColumn>8</IconsPerColumn>
		</Row>
	</IconTextureAtlases>	
	
</GameData>