<?xml version="1.0" encoding="utf-8"?>
<!-- Created by ModBuddy on 12/02/17 4:39:52 PM -->
<GameData>
	<BuildingClasses>
		<Row>
			<Type>BUILDINGCLASS_SMAN_EU_CAMEL_BAZAAR</Type>
			<DefaultBuilding>BUILDING_SMAN_EU_CAMEL_BAZAAR</DefaultBuilding>
			<Description>TXT_KEY_BUILDING_SMAN_EU_CAMEL_BAZAAR</Description>
		</Row>
	</BuildingClasses>

	<Buildings>
		<Row>
			<Type>BUILDING_SMAN_EU_CAMEL_BAZAAR</Type>
			<BuildingClass>BUILDINGCLASS_SMAN_EU_CAMEL_BAZAAR</BuildingClass>
			<Cost>90</Cost>
			<GoldMaintenance>1</GoldMaintenance>
			<PrereqTech>TECH_PRINTING_PRESS</PrereqTech>
			<Description>TXT_KEY_BUILDING_SMAN_EU_CAMEL_BAZAAR</Description>
			<Civilopedia>TXT_KEY_BUILDING_SMAN_EU_CAMEL_BAZAAR_PEDIA</Civilopedia>
			<Help>TXT_KEY_BUILDING_SMAN_EU_CAMEL_BAZAAR_HELP</Help>
			<ArtDefineTag>ART_DEF_BUILDING_BAZAAR</ArtDefineTag>
			<SpecialistType>SPECIALIST_MERCHANT</SpecialistType>
			<SpecialistCount>1</SpecialistCount>
			<MinAreaSize>-1</MinAreaSize>
			<ConquestProb>66</ConquestProb>
			<HurryCostModifier>15</HurryCostModifier>
			<NearbyTerrainRequired>TERRAIN_DESERT</NearbyTerrainRequired>
			<IconAtlas>SMAN_EXOTIC_UNIT_ATLAS</IconAtlas>
			<PortraitIndex>4</PortraitIndex>
		</Row>
	</Buildings>

	<Building_ClassesNeededInCity>
		<Row>
			<BuildingType>BUILDING_SMAN_EU_CAMEL_BAZAAR</BuildingType>
			<BuildingClassType>BUILDINGCLASS_SMAN_EU_CAMEL_MARKET</BuildingClassType>
		</Row>
	</Building_ClassesNeededInCity>

	<Building_ResourceQuantity>
		<Row>
			<BuildingType>BUILDING_SMAN_EU_CAMEL_BAZAAR</BuildingType>
			<ResourceType>RESOURCE_SMAN_EU_CAMELS</ResourceType>
			<Quantity>2</Quantity>
		</Row>		
	</Building_ResourceQuantity>

	<Building_YieldChanges>
		<Row>
			<BuildingType>BUILDING_SMAN_EU_CAMEL_BAZAAR</BuildingType>
			<YieldType>YIELD_GOLD</YieldType>
			<Yield>2</Yield>
		</Row>
	</Building_YieldChanges>	
	
	<Building_YieldModifiers>
		<Row>
			<BuildingType>BUILDING_SMAN_EU_CAMEL_BAZAAR</BuildingType>
			<YieldType>YIELD_GOLD</YieldType>
			<Yield>20</Yield>
		</Row>
	</Building_YieldModifiers>
	
	<Building_Flavors>
		<Row>
			<BuildingType>BUILDING_SMAN_EU_CAMEL_BAZAAR</BuildingType>
			<FlavorType>FLAVOR_GOLD</FlavorType>
			<Flavor>10</Flavor>
		</Row>
		<Row>
			<BuildingType>BUILDING_SMAN_EU_CAMEL_BAZAAR</BuildingType>
			<FlavorType>FLAVOR_DEFENSE</FlavorType>
			<Flavor>10</Flavor>
		</Row>
	</Building_Flavors>


	<Language_en_US>
		<Row Tag="TXT_KEY_BUILDING_SMAN_EU_CAMEL_BAZAAR">
			<Text>Camel Bazaar</Text>
		</Row>
		<Row Tag="TXT_KEY_BUILDING_SMAN_EU_CAMEL_BAZAAR_HELP">
			<Text>Adds +2 Camel strategic resources, +2 Gold, and +20% Gold in the city. Provides 1 Merchant Specialist slot.</Text>
		</Row>
		<Row Tag="TXT_KEY_BUILDING_SMAN_EU_CAMEL_BAZAAR_PEDIA">
			<Text>
				A Camel Bazaar is a Renaissance Era building available upon the discovery of the Printing Press, an improved version of the Camel Market. Building it will produce 2 Camel strategic resources, which are needed to build the Camel Bowman and Camel Rifelman units. It also produces +2 and +20% Gold in the city, as well as 1 additional Merchant Specialist slot.[NEWLINE][NEWLINE]The buying and selling of camels has occurred since humans first domesticated them over 10,000 years ago.  A camel is an even toed ungulate in the genus Camelus, bearing distinctive fatty deposits known as humps on its back. The three surviving species of camel are the dromedary, or one-humped camel, which inhabits the Middle East and the Horn of Africa; the Bactrian, or two-humped camel, which inhabits Central Asia; and the critically endangered wild Bactrian camel that has limited populations in remote areas of northwest China and Mongolia. Bactrian camels take their name from the historical Bactria region of Central Asia. Additionally one other species of camel in the separate genus Camelops, C. hesternus lived in western North America and became extinct when humans entered the continent at the end of the Pleistocene. Both the dromedary and the Bactrian camels have been domesticated; they provide milk, meat, hair for textiles or goods such as felted pouches, and are working animals with tasks ranging from human transport to bearing loads.
			</Text>
		</Row>
	</Language_en_US>
  
</GameData>