<?xml version="1.0" encoding="utf-8"?>
<!-- Created by ModBuddy on 12/02/17 4:39:57 PM -->
<GameData>
	
	<BuildingClasses>
		<Row>
			<Type>BUILDINGCLASS_SMAN_SOUK_AL_JAMAL</Type>
			<DefaultBuilding>BUILDING_SMAN_SOUK_AL_JAMAL</DefaultBuilding>
			<Description>TXT_KEY_BUILDING_SMAN_SOUK_AL_JAMAL</Description>
			<MaxPlayerInstances>1</MaxPlayerInstances>
		</Row>
	</BuildingClasses>

	<Buildings>
		<Row>
			<Type>BUILDING_SMAN_SOUK_AL_JAMAL</Type>
			<BuildingClass>BUILDINGCLASS_SMAN_SOUK_AL_JAMAL</BuildingClass>
			<Cost>325</Cost>
			<GoldMaintenance>0</GoldMaintenance>
			<PrereqTech>TECH_GUILDS</PrereqTech>
			<Description>TXT_KEY_BUILDING_SMAN_SOUK_AL_JAMAL</Description>
			<Civilopedia>TXT_KEY_BUILDING_SMAN_SOUK_AL_JAMAL_PEDIA</Civilopedia>
			<Help>TXT_KEY_BUILDING_SMAN_SOUK_AL_JAMAL_HELP</Help>
			<ArtDefineTag>ART_DEF_BUILDING_MARKET</ArtDefineTag>
			<SpecialistType>SPECIALIST_MERCHANT</SpecialistType>
			<SpecialistCount>2</SpecialistCount>
			<NumTradeRouteBonus>1</NumTradeRouteBonus>
			<MinAreaSize>-1</MinAreaSize>
			<NukeImmune>1</NukeImmune>
			<!--<NeverCapture>1</NeverCapture>-->
			<ConquestProb>100</ConquestProb>
			<Happiness>4</Happiness>
			<HurryCostModifier>-1</HurryCostModifier>
			<NearbyTerrainRequired>TERRAIN_DESERT</NearbyTerrainRequired>
			<IconAtlas>SMAN_EXOTIC_UNIT_ATLAS</IconAtlas>
			<PortraitIndex>7</PortraitIndex>
		</Row>
	</Buildings>

	<Building_ClassesNeededInCity>
		<Row>
			<BuildingType>BUILDING_SMAN_SOUK_AL_JAMAL</BuildingType>
			<BuildingClassType>BUILDINGCLASS_SMAN_EU_CAMEL_MARKET</BuildingClassType>
		</Row>
	</Building_ClassesNeededInCity>

	<Building_PrereqBuildingClasses>
		<Row>
			<BuildingType>BUILDING_SMAN_SOUK_AL_JAMAL</BuildingType>
			<BuildingClassType>BUILDINGCLASS_SMAN_EU_CAMEL_MARKET</BuildingClassType>
			<NumBuildingNeeded>1</NumBuildingNeeded>
		</Row>		
	</Building_PrereqBuildingClasses>	

	<Building_BuildingClassYieldChanges>
		<Row>
			<BuildingType>BUILDING_SMAN_SOUK_AL_JAMAL</BuildingType>
			<BuildingClassType>BUILDINGCLASS_SMAN_EU_CAMEL_MARKET</BuildingClassType>
			<YieldType>YIELD_GOLD</YieldType>
			<YieldChange>2</YieldChange>
		</Row>
		<Row>
			<BuildingType>BUILDING_SMAN_SOUK_AL_JAMAL</BuildingType>
			<BuildingClassType>BUILDINGCLASS_SMAN_EU_CAMEL_MARKET</BuildingClassType>
			<YieldType>YIELD_FOOD</YieldType>
			<YieldChange>2</YieldChange>
		</Row>
	</Building_BuildingClassYieldChanges>
	
	<Building_TerrainYieldChanges>
		<Row>
			<BuildingType>BUILDING_SMAN_SOUK_AL_JAMAL</BuildingType>
			<TerrainType>TERRAIN_DESERT</TerrainType>
			<YieldType>YIELD_PRODUCTION</YieldType>
			<Yield>1</Yield>			
		</Row>
		<Row>
			<BuildingType>BUILDING_SMAN_SOUK_AL_JAMAL</BuildingType>
			<TerrainType>TERRAIN_DESERT</TerrainType>
			<YieldType>YIELD_GOLD</YieldType>
			<Yield>1</Yield>
		</Row>
		<Row>
			<BuildingType>BUILDING_SMAN_SOUK_AL_JAMAL</BuildingType>
			<TerrainType>TERRAIN_DESERT</TerrainType>
			<YieldType>YIELD_FOOD</YieldType>
			<Yield>1</Yield>
		</Row>
	</Building_TerrainYieldChanges>
	
	
	<Building_Flavors>
		<Row>
			<BuildingType>BUILDING_SMAN_SOUK_AL_JAMAL</BuildingType>
			<FlavorType>FLAVOR_WONDER</FlavorType>
			<Flavor>15</Flavor>
		</Row>
		<Row>
			<BuildingType>BUILDING_SMAN_SOUK_AL_JAMAL</BuildingType>
			<FlavorType>FLAVOR_PRODUCTION</FlavorType>
			<Flavor>20</Flavor>
		</Row>
		<Row>
			<BuildingType>BUILDING_SMAN_SOUK_AL_JAMAL</BuildingType>
			<FlavorType>FLAVOR_HAPPINESS</FlavorType>
			<Flavor>30</Flavor>
		</Row>
		<Row>
			<BuildingType>BUILDING_SMAN_SOUK_AL_JAMAL</BuildingType>
			<FlavorType>FLAVOR_GOLD</FlavorType>
			<Flavor>20</Flavor>
		</Row>
	</Building_Flavors>


	<Language_en_US>
		<Row Tag="TXT_KEY_BUILDING_SMAN_SOUK_AL_JAMAL">
			<Text>Souk al Jamal</Text>
		</Row>
		<Row Tag="TXT_KEY_BUILDING_SMAN_SOUK_AL_JAMAL_HELP">
			<Text>The Souk al Jamal is a National Wonder that improves economic and trading capabilities throughout the empire. Adds +4 Happines, +2 Merchant Specialist slots, and +1 additional Trade Route. Adds +1 Food, +1 Gold, and +1 Production for each Desert tile worked in the city. Requires 1 or more Camel Markets, depending on map size. When built, adds +2 Food and +2 Gold from every Camel Market.</Text>
		</Row>
		<Row Tag="TXT_KEY_BUILDING_SMAN_SOUK_AL_JAMAL_PEDIA">
			<Text>
				The Souk al Jamal, or Grand Camel Market, is a national wonder available upon the discovery of Guilds.  Normally, a civilization must have at least one Camel Market built before they can construct this building, but this number increase for larger map sizes. The Soul adds Happiness, Gold, Food, Production, and Merchant Specialist slots to the city in which it is built.[NEWLINE][NEWLINE]Souk al Jamal historical info….
			</Text>
		</Row>
	</Language_en_US>
  
</GameData>