<?xml version="1.0" encoding="utf-8"?>
<!-- Created by ModBuddy on 12/05/17 2:55:08 PM -->
<GameData>

	<BuildingClasses>
		<Row>
			<Type>BUILDINGCLASS_SMAN_EU_ELEPHANT_GAJASHAALA</Type>
			<DefaultBuilding>BUILDING_SMAN_EU_ELEPHANT_GAJASHAALA</DefaultBuilding>
			<Description>TXT_KEY_BUILDING_SMAN_EU_ELEPHANT_GAJASHAALA</Description>
		</Row>
	</BuildingClasses>

	<Buildings>
		<Row>
			<Type>BUILDING_SMAN_EU_ELEPHANT_GAJASHAALA</Type>
			<BuildingClass>BUILDINGCLASS_SMAN_EU_ELEPHANT_GAJASHAALA</BuildingClass>
			<Cost>90</Cost>
			<GoldMaintenance>1</GoldMaintenance>
			<PrereqTech>TECH_GUILDS</PrereqTech>
			<Description>TXT_KEY_BUILDING_SMAN_EU_ELEPHANT_GAJASHAALA</Description>
			<Civilopedia>TXT_KEY_BUILDING_SMAN_EU_ELEPHANT_GAJASHAALA_PEDIA</Civilopedia>
			<Help>TXT_KEY_BUILDING_SMAN_EU_ELEPHANT_GAJASHAALA_HELP</Help>
			<ArtDefineTag>ART_DEF_BUILDING_BAZAAR</ArtDefineTag>
			<SpecialistType>SPECIALIST_MERCHANT</SpecialistType>
			<SpecialistCount>1</SpecialistCount>
			<MinAreaSize>-1</MinAreaSize>
			<ConquestProb>66</ConquestProb>
			<HurryCostModifier>15</HurryCostModifier>
			<!--<NearbyTerrainRequired>TERRAIN_DESERT</NearbyTerrainRequired>-->
			<IconAtlas>SMAN_EXOTIC_UNIT_ATLAS</IconAtlas>
			<PortraitIndex>14</PortraitIndex>
		</Row>
	</Buildings>

	<Building_ClassesNeededInCity>
		<Row>
			<BuildingType>BUILDING_SMAN_EU_ELEPHANT_GAJASHAALA</BuildingType>
			<BuildingClassType>BUILDINGCLASS_SMAN_EU_ELEPHANT_KHEDDA</BuildingClassType>
		</Row>
	</Building_ClassesNeededInCity>

	<Building_ResourceQuantity>
		<Row>
			<BuildingType>BUILDING_SMAN_EU_ELEPHANT_GAJASHAALA</BuildingType>
			<ResourceType>RESOURCE_SMAN_EU_ELEPHANTS</ResourceType>
			<Quantity>2</Quantity>
		</Row>
	</Building_ResourceQuantity>

	<Building_YieldChanges>
		<Row>
			<BuildingType>BUILDING_SMAN_EU_ELEPHANT_GAJASHAALA</BuildingType>
			<YieldType>YIELD_GOLD</YieldType>
			<Yield>2</Yield>
		</Row>
	</Building_YieldChanges>

	<Building_YieldModifiers>
		<Row>
			<BuildingType>BUILDING_SMAN_EU_ELEPHANT_GAJASHAALA</BuildingType>
			<YieldType>YIELD_GOLD</YieldType>
			<Yield>20</Yield>
		</Row>
	</Building_YieldModifiers>

	<Building_Flavors>
		<Row>
			<BuildingType>BUILDING_SMAN_EU_ELEPHANT_GAJASHAALA</BuildingType>
			<FlavorType>FLAVOR_GOLD</FlavorType>
			<Flavor>12</Flavor>
		</Row>
		<Row>
			<BuildingType>BUILDING_SMAN_EU_ELEPHANT_GAJASHAALA</BuildingType>
			<FlavorType>FLAVOR_DEFENSE</FlavorType>
			<Flavor>14</Flavor>
		</Row>
	</Building_Flavors>


	<Language_en_US>
		<Row Tag="TXT_KEY_BUILDING_SMAN_EU_ELEPHANT_GAJASHAALA">
			<Text>Gajashaala</Text>
		</Row>
		<Row Tag="TXT_KEY_BUILDING_SMAN_EU_ELEPHANT_GAJASHAALA_HELP">
			<Text>Adds +2 Elephant strategic resources, +2 Gold, and +20% Gold in the city. Provides 1 Merchant Specialist slot.</Text>
		</Row>
		<Row Tag="TXT_KEY_BUILDING_SMAN_EU_ELEPHANT_GAJASHAALA_PEDIA">
			<Text>
				A Gajashaala is a Renaissance Era building available upon the discovery of Guilds, an improved version of the Khedda. Building it will produce 2 Elephant strategic resources, which are needed to build the Pachyderm class of units. It also produces +2 and +20% Gold in the city, as well as 1 additional Merchant Specialist slot.[NEWLINE][NEWLINE]Historical info.....
			</Text>
		</Row>
	</Language_en_US>

</GameData>