<?xml version="1.0" encoding="utf-8"?>
<!-- Created by ModBuddy on 12/06/17 3:41:37 PM -->
<GameData>
	
	<BuildingClasses>
		<Row>
			<Type>BUILDINGCLASS_SMAN_EU_MERC_CONSULATE</Type>
			<DefaultBuilding>BUILDING_SMAN_EU_MERC_CONSULATE</DefaultBuilding>
			<Description>TXT_KEY_BUILDING_SMAN_EU_MERC_CONSULATE</Description>
		</Row>
	</BuildingClasses>

	<Buildings>
		<Row>
			<Type>BUILDING_SMAN_EU_MERC_CONSULATE</Type>
			<BuildingClass>BUILDINGCLASS_SMAN_EU_MERC_CONSULATE</BuildingClass>
			<Cost>125</Cost>
			<GoldMaintenance>1</GoldMaintenance>
			<PrereqTech>TECH_RAILROAD</PrereqTech>
			<Description>TXT_KEY_BUILDING_SMAN_EU_MERC_CONSULATE</Description>
			<Civilopedia>TXT_KEY_BUILDING_SMAN_EU_MERC_CONSULATE_PEDIA</Civilopedia>
			<Help>TXT_KEY_BUILDING_SMAN_EU_MERC_CONSULATE_HELP</Help>
			<ArtDefineTag>CASTLE</ArtDefineTag>
			<MinAreaSize>-1</MinAreaSize>
			<NeverCapture>true</NeverCapture>
			<AllowsRangeStrike>true</AllowsRangeStrike>
			<Defense>900</Defense>
			<HurryCostModifier>25</HurryCostModifier>
			<IconAtlas>SMAN_EXOTIC_UNIT_ATLAS</IconAtlas>
			<PortraitIndex>20</PortraitIndex>
		</Row>
	</Buildings>

	<Building_ClassesNeededInCity>
		<Row>
			<BuildingType>BUILDING_SMAN_EU_MERC_CONSULATE</BuildingType>
			<BuildingClassType>BUILDINGCLASS_CONSTABLE</BuildingClassType>
		</Row>
	</Building_ClassesNeededInCity>

	<Building_YieldChanges>
		<Row>
			<BuildingType>BUILDING_SMAN_EU_MERC_CONSULATE</BuildingType>
			<YieldType>YIELD_PRODUCTION</YieldType>
			<Yield>1</Yield>
		</Row>
		<Row>
			<BuildingType>BUILDING_SMAN_EU_MERC_CONSULATE</BuildingType>
			<YieldType>YIELD_CULTURE</YieldType>
			<Yield>2</Yield>
		</Row>
	</Building_YieldChanges>

	<Building_Flavors>
		<Row>
			<BuildingType>BUILDING_SMAN_EU_MERC_CONSULATE</BuildingType>
			<FlavorType>FLAVOR_PRODUCTION</FlavorType>
			<Flavor>8</Flavor>
		</Row>
		<Row>
			<BuildingType>BUILDING_SMAN_EU_MERC_CONSULATE</BuildingType>
			<FlavorType>FLAVOR_CULTURE</FlavorType>
			<Flavor>10</Flavor>
		</Row>
		<Row>
			<BuildingType>BUILDING_SMAN_EU_MERC_CONSULATE</BuildingType>
			<FlavorType>FLAVOR_OFFENSE</FlavorType>
			<Flavor>20</Flavor>
		</Row>
	</Building_Flavors>


	<Language_en_US>
		<Row Tag="TXT_KEY_BUILDING_SMAN_EU_MERC_CONSULATE">
			<Text>Mercenary Consulate</Text>
		</Row>
		<Row Tag="TXT_KEY_BUILDING_SMAN_EU_MERC_CONSULATE_HELP">
			<Text>Allows certain Mercenary units to be purchased. Adds +1 Production and +2 Culture. +9 City Defense Strength. Requires a Market in the city.</Text>
		</Row>
		<Row Tag="TXT_KEY_BUILDING_SMAN_EU_MERC_CONSULATE_PEDIA">
			<Text>
				A Mercenary Consulate is a Modern Era building available upon the discovery of Railroad. Building it will allow the purchse of the XX and YY units. It also adds +1 to Production and +2 Culture in the city. +9 City Defense Strength.[NEWLINE][NEWLINE]Mercenary Consulate Pedia...
			</Text>
		</Row>
	</Language_en_US>
  
</GameData>