<?xml version="1.0" encoding="utf-8"?>
<!-- Created by ModBuddy on 12/06/17 3:42:05 PM -->
<GameData>

	<BuildingClasses>
		<Row>
			<Type>BUILDINGCLASS_SMAN_EU_NAVAL_YARD</Type>
			<DefaultBuilding>BUILDING_SMAN_EU_NAVAL_YARD</DefaultBuilding>
			<Description>TXT_KEY_BUILDING_SMAN_EU_NAVAL_YARD</Description>
		</Row>
	</BuildingClasses>

	<Buildings>
		<Row>
			<Type>BUILDING_SMAN_EU_NAVAL_YARD</Type>
			<BuildingClass>BUILDINGCLASS_SMAN_EU_NAVAL_YARD</BuildingClass>
			<Cost>150</Cost>
			<GoldMaintenance>1</GoldMaintenance>
			<PrereqTech>TECH_COMBINED_ARMS</PrereqTech>
			<Description>TXT_KEY_BUILDING_SMAN_EU_NAVAL_YARD</Description>
			<Civilopedia>TXT_KEY_BUILDING_SMAN_EU_NAVAL_YARD_PEDIA</Civilopedia>
			<Help>TXT_KEY_BUILDING_SMAN_EU_NAVAL_YARD_HELP</Help>
			<ArtDefineTag>ART_DEF_BUILDING_MARKET</ArtDefineTag>
			<Water>1</Water>
			<MinAreaSize>-1</MinAreaSize>
			<ConquestProb>33</ConquestProb>
			<HurryCostModifier>33</HurryCostModifier>
			<IconAtlas>SMAN_EXOTIC_UNIT_ATLAS</IconAtlas>
			<PortraitIndex>21</PortraitIndex>
		</Row>
	</Buildings>

	<Building_ClassesNeededInCity>
		<Row>
			<BuildingType>BUILDING_SMAN_EU_NAVAL_YARD</BuildingType>
			<BuildingClassType>BUILDINGCLASS_SEAPORT</BuildingClassType>
		</Row>
	</Building_ClassesNeededInCity>

	<Building_YieldChanges>
		<Row>
			<BuildingType>BUILDING_SMAN_EU_NAVAL_YARD</BuildingType>
			<YieldType>YIELD_PRODUCTION</YieldType>
			<Yield>2</Yield>
		</Row>
		<Row>
			<BuildingType>BUILDING_SMAN_EU_NAVAL_YARD</BuildingType>
			<YieldType>YIELD_SCIENCE</YieldType>
			<Yield>1</Yield>
		</Row>
		<Row>
			<BuildingType>BUILDING_SMAN_EU_NAVAL_YARD</BuildingType>
			<YieldType>YIELD_CULTURE</YieldType>
			<Yield>1</Yield>
		</Row>
	</Building_YieldChanges>

	<Building_Flavors>
		<Row>
			<BuildingType>BUILDING_SMAN_EU_NAVAL_YARD</BuildingType>
			<FlavorType>FLAVOR_PRODUCTION</FlavorType>
			<Flavor>9</Flavor>
		</Row>
		<Row>
			<BuildingType>BUILDING_SMAN_EU_NAVAL_YARD</BuildingType>
			<FlavorType>FLAVOR_SCIENCE</FlavorType>
			<Flavor>7</Flavor>
		</Row>
		<Row>
			<BuildingType>BUILDING_SMAN_EU_NAVAL_YARD</BuildingType>
			<FlavorType>FLAVOR_CULTURE</FlavorType>
			<Flavor>7</Flavor>
		</Row>
		<Row>
			<BuildingType>BUILDING_SMAN_EU_NAVAL_YARD</BuildingType>
			<FlavorType>FLAVOR_NAVAL</FlavorType>
			<Flavor>5</Flavor>
		</Row>
	</Building_Flavors>


	<Language_en_US>
		<Row Tag="TXT_KEY_BUILDING_SMAN_EU_NAVAL_YARD">
			<Text>Naval Yard</Text>
		</Row>
		<Row Tag="TXT_KEY_BUILDING_SMAN_EU_NAVAL_YARD_HELP">
			<Text>Allows certain naval Mercenary units to be purchased. Adds +2 Production, +1 Science, and +1 Culture. Requires a Seaport in the city.</Text>
		</Row>
		<Row Tag="TXT_KEY_BUILDING_SMAN_EU_NAVAL_YARD_PEDIA">
			<Text>
				A Naval Yard is an Atomic Era building available upon the discovery of Combined Arms. Building it will allow the purchse of the XX and YY naval units. It also adds +2 to Production, +1 to Science, and +1 Culture in the city.[NEWLINE][NEWLINE]Naval Yard Pedia...
			</Text>
		</Row>
	</Language_en_US>

</GameData>