<?xml version="1.0" encoding="utf-8"?>
<!-- Created by ModBuddy on 12/06/17 3:40:45 PM -->
<GameData>
	
	<BuildingClasses>
		<Row>
			<Type>BUILDINGCLASS_SMAN_EU_MERC_GUILD</Type>
			<DefaultBuilding>BUILDING_SMAN_EU_MERC_GUILD</DefaultBuilding>
			<Description>TXT_KEY_BUILDING_SMAN_EU_MERC_GUILD</Description>
		</Row>
	</BuildingClasses>

	<Buildings>
		<Row>
			<Type>BUILDING_SMAN_EU_MERC_GUILD</Type>
			<BuildingClass>BUILDINGCLASS_SMAN_EU_MERC_GUILD</BuildingClass>
			<Cost>100</Cost>
			<GoldMaintenance>1</GoldMaintenance>
			<PrereqTech>TECH_BANKING</PrereqTech>
			<Description>TXT_KEY_BUILDING_SMAN_EU_MERC_GUILD</Description>
			<Civilopedia>TXT_KEY_BUILDING_SMAN_EU_MERC_GUILD_PEDIA</Civilopedia>
			<Help>TXT_KEY_BUILDING_SMAN_EU_MERC_GUILD_HELP</Help>
			<ArtDefineTag>CASTLE</ArtDefineTag>
			<MinAreaSize>-1</MinAreaSize>
			<NeverCapture>true</NeverCapture>
			<AllowsRangeStrike>true</AllowsRangeStrike>
			<Defense>600</Defense>
			<HurryCostModifier>25</HurryCostModifier>
			<IconAtlas>SMAN_EXOTIC_UNIT_ATLAS</IconAtlas>
			<PortraitIndex>18</PortraitIndex>
		</Row>
	</Buildings>

	<Building_ClassesNeededInCity>
		<Row>
			<BuildingType>BUILDING_SMAN_EU_MERC_GUILD</BuildingType>
			<BuildingClassType>BUILDINGCLASS_MARKET</BuildingClassType>
		</Row>
	</Building_ClassesNeededInCity>

	<Building_YieldChanges>
		<Row>
			<BuildingType>BUILDING_SMAN_EU_MERC_GUILD</BuildingType>
			<YieldType>YIELD_PRODUCTION</YieldType>
			<Yield>1</Yield>
		</Row>
		<Row>
			<BuildingType>BUILDING_SMAN_EU_MERC_GUILD</BuildingType>
			<YieldType>YIELD_CULTURE</YieldType>
			<Yield>2</Yield>
		</Row>
	</Building_YieldChanges>

	<Building_Flavors>
		<Row>
			<BuildingType>BUILDING_SMAN_EU_MERC_GUILD</BuildingType>
			<FlavorType>FLAVOR_PRODUCTION</FlavorType>
			<Flavor>6</Flavor>
		</Row>
		<Row>
			<BuildingType>BUILDING_SMAN_EU_MERC_GUILD</BuildingType>
			<FlavorType>FLAVOR_CULTURE</FlavorType>
			<Flavor>7</Flavor>
		</Row>
		<Row>
			<BuildingType>BUILDING_SMAN_EU_MERC_GUILD</BuildingType>
			<FlavorType>FLAVOR_OFFENSE</FlavorType>
			<Flavor>17</Flavor>
		</Row>
	</Building_Flavors>


	<Language_en_US>
		<Row Tag="TXT_KEY_BUILDING_SMAN_EU_MERC_GUILD">
			<Text>Mercenary Guild</Text>
		</Row>
		<Row Tag="TXT_KEY_BUILDING_SMAN_EU_MERC_GUILD_HELP">
			<Text>Allows certain Mercenary units to be purchased. Adds +1 Production and +2 Culture. +6 City Defense Strength. Requires a Market in the city.</Text>
		</Row>
		<Row Tag="TXT_KEY_BUILDING_SMAN_EU_MERC_GUILD_PEDIA">
			<Text>
				A Mercenary Guild is a Renaissance Era building available upon the discovery of Currency. Building it will allow the purchse of the XX and YY units. It also adds +1 to Production and +2 Culture in the city. +6 City Defense Strength.[NEWLINE][NEWLINE]Mercenary Guild Pedia...
			</Text>
		</Row>
	</Language_en_US>
  
</GameData>