<?xml version="1.0" encoding="utf-8"?>
<!-- Created by ModBuddy on 12/06/17 3:41:18 PM -->
<GameData>

	<BuildingClasses>
		<Row>
			<Type>BUILDINGCLASS_SMAN_EU_SHIPYARD</Type>
			<DefaultBuilding>BUILDING_SMAN_EU_SHIPYARD</DefaultBuilding>
			<Description>TXT_KEY_BUILDING_SMAN_EU_SHIPYARD</Description>
		</Row>
	</BuildingClasses>

	<Buildings>
		<Row>
			<Type>BUILDING_SMAN_EU_SHIPYARD</Type>
			<BuildingClass>BUILDINGCLASS_SMAN_EU_SHIPYARD</BuildingClass>
			<Cost>125</Cost>
			<GoldMaintenance>1</GoldMaintenance>
			<PrereqTech>TECH_MILITARY_SCIENCE</PrereqTech>
			<Description>TXT_KEY_BUILDING_SMAN_EU_SHIPYARD</Description>
			<Civilopedia>TXT_KEY_BUILDING_SMAN_EU_SHIPYARD_PEDIA</Civilopedia>
			<Help>TXT_KEY_BUILDING_SMAN_EU_SHIPYARD_HELP</Help>
			<ArtDefineTag>ART_DEF_BUILDING_MARKET</ArtDefineTag>
			<Water>1</Water>
			<MinAreaSize>-1</MinAreaSize>
			<ConquestProb>33</ConquestProb>
			<HurryCostModifier>33</HurryCostModifier>
			<IconAtlas>SMAN_EXOTIC_UNIT_ATLAS</IconAtlas>
			<PortraitIndex>19</PortraitIndex>
		</Row>
	</Buildings>

	<Building_ClassesNeededInCity>
		<Row>
			<BuildingType>BUILDING_SMAN_EU_SHIPYARD</BuildingType>
			<BuildingClassType>BUILDINGCLASS_HARBOR</BuildingClassType>
		</Row>
	</Building_ClassesNeededInCity>

	<Building_YieldChanges>
		<Row>
			<BuildingType>BUILDING_SMAN_EU_SHIPYARD</BuildingType>
			<YieldType>YIELD_PRODUCTION</YieldType>
			<Yield>1</Yield>
		</Row>
		<Row>
			<BuildingType>BUILDING_SMAN_EU_SHIPYARD</BuildingType>
			<YieldType>YIELD_SCIENCE</YieldType>
			<Yield>1</Yield>
		</Row>
		<Row>
			<BuildingType>BUILDING_SMAN_EU_SHIPYARD</BuildingType>
			<YieldType>YIELD_CULTURE</YieldType>
			<Yield>1</Yield>
		</Row>
	</Building_YieldChanges>

	<Building_Flavors>
		<Row>
			<BuildingType>BUILDING_SMAN_EU_SHIPYARD</BuildingType>
			<FlavorType>FLAVOR_PRODUCTION</FlavorType>
			<Flavor>7</Flavor>
		</Row>
		<Row>
			<BuildingType>BUILDING_SMAN_EU_SHIPYARD</BuildingType>
			<FlavorType>FLAVOR_SCIENCE</FlavorType>
			<Flavor>7</Flavor>
		</Row>
		<Row>
			<BuildingType>BUILDING_SMAN_EU_SHIPYARD</BuildingType>
			<FlavorType>FLAVOR_CULTURE</FlavorType>
			<Flavor>7</Flavor>
		</Row>
		<Row>
			<BuildingType>BUILDING_SMAN_EU_SHIPYARD</BuildingType>
			<FlavorType>FLAVOR_NAVAL</FlavorType>
			<Flavor>5</Flavor>
		</Row>
	</Building_Flavors>


	<Language_en_US>
		<Row Tag="TXT_KEY_BUILDING_SMAN_EU_SHIPYARD">
			<Text>Shipyard</Text>
		</Row>
		<Row Tag="TXT_KEY_BUILDING_SMAN_EU_SHIPYARD_HELP">
			<Text>Allows certain naval Mercenary units to be purchased. Adds +1 Production, +1 Science, and +1 Culture. Requires a Harbor in the city.</Text>
		</Row>
		<Row Tag="TXT_KEY_BUILDING_SMAN_EU_SHIPYARD_PEDIA">
			<Text>
				A Shipyard is an Industrial Era building available upon the discovery of Military Science. Building it will allow the purchse of the XX and YY naval units. It also adds +1 to Production, +1 to Science, and +1 Culture in the city.[NEWLINE][NEWLINE]Shipyard Pedia...
			</Text>
		</Row>
	</Language_en_US>
  
</GameData>