<?xml version="1.0" encoding="utf-8"?>
<!-- Created by ModBuddy on 12/06/17 3:42:26 PM -->
<GameData>

	<BuildingClasses>
		<Row>
			<Type>BUILDINGCLASS_SMAN_EU_CONTRACTING_AGENCY</Type>
			<DefaultBuilding>BUILDING_SMAN_EU_CONTRACTING_AGENCY</DefaultBuilding>
			<Description>TXT_KEY_BUILDING_SMAN_EU_CONTRACTING_AGENCY</Description>
		</Row>
	</BuildingClasses>

	<Buildings>
		<Row>
			<Type>BUILDING_SMAN_EU_CONTRACTING_AGENCY</Type>
			<BuildingClass>BUILDINGCLASS_SMAN_EU_CONTRACTING_AGENCY</BuildingClass>
			<Cost>150</Cost>
			<GoldMaintenance>1</GoldMaintenance>
			<PrereqTech>TECH_TELECOM</PrereqTech>
			<Description>TXT_KEY_BUILDING_SMAN_EU_CONTRACTING_AGENCY</Description>
			<Civilopedia>TXT_KEY_BUILDING_SMAN_EU_CONTRACTING_AGENCY_PEDIA</Civilopedia>
			<Help>TXT_KEY_BUILDING_SMAN_EU_CONTRACTING_AGENCY_HELP</Help>
			<ArtDefineTag>ART_DEF_BUILDING_MARKET</ArtDefineTag>
			<MinAreaSize>-1</MinAreaSize>
			<NeverCapture>true</NeverCapture>
			<HurryCostModifier>25</HurryCostModifier>
			<IconAtlas>SMAN_EXOTIC_UNIT_ATLAS</IconAtlas>
			<PortraitIndex>22</PortraitIndex>
		</Row>
	</Buildings>

	<Building_ClassesNeededInCity>
		<Row>
			<BuildingType>BUILDING_SMAN_EU_CONTRACTING_AGENCY</BuildingType>
			<BuildingClassType>BUILDINGCLASS_AIRPORT</BuildingClassType>
		</Row>
	</Building_ClassesNeededInCity>

	<Building_YieldChanges>
		<Row>
			<BuildingType>BUILDING_SMAN_EU_CONTRACTING_AGENCY</BuildingType>
			<YieldType>YIELD_PRODUCTION</YieldType>
			<Yield>2</Yield>
		</Row>
		<Row>
			<BuildingType>BUILDING_SMAN_EU_CONTRACTING_AGENCY</BuildingType>
			<YieldType>YIELD_CULTURE</YieldType>
			<Yield>2</Yield>
		</Row>
	</Building_YieldChanges>

	<Building_Flavors>
		<Row>
			<BuildingType>BUILDING_SMAN_EU_CONTRACTING_AGENCY</BuildingType>
			<FlavorType>FLAVOR_PRODUCTION</FlavorType>
			<Flavor>12</Flavor>
		</Row>
		<Row>
			<BuildingType>BUILDING_SMAN_EU_CONTRACTING_AGENCY</BuildingType>
			<FlavorType>FLAVOR_CULTURE</FlavorType>
			<Flavor>10</Flavor>
		</Row>
		<Row>
			<BuildingType>BUILDING_SMAN_EU_CONTRACTING_AGENCY</BuildingType>
			<FlavorType>FLAVOR_OFFENSE</FlavorType>
			<Flavor>22</Flavor>
		</Row>
	</Building_Flavors>


	<Language_en_US>
		<Row Tag="TXT_KEY_BUILDING_SMAN_EU_CONTRACTING_AGENCY">
			<Text>Contracting Agency</Text>
		</Row>
		<Row Tag="TXT_KEY_BUILDING_SMAN_EU_CONTRACTING_AGENCY_HELP">
			<Text>Allows certain Mercenary units to be purchased. Adds +2 Production and +2 Culture. Requires an Airport in the city.</Text>
		</Row>
		<Row Tag="TXT_KEY_BUILDING_SMAN_EU_CONTRACTING_AGENCY_PEDIA">
			<Text>
				A Contracting Agency is an Information Era building available upon the discovery of Telecommunications. Building it will allow the purchse of the XX and YY units. It also adds +2 to Production and +2 Culture in the city.[NEWLINE][NEWLINE]Contracting Agency Pedia...
			</Text>
		</Row>
	</Language_en_US>

</GameData>