<?xml version="1.0" encoding="utf-8" ?>
<Context ID="MercFunPopup">
	<Box Style="BGBlock_ClearTopBar" />

	<Grid Size="640,340" Anchor="C,C" Style="Grid9DetailFive140" ConsumeMouse="1">
		<!--<Grid Size="600,400" Anchor="C,C" Style="Grid9DetailFive140" ConsumeMouse="1">-->
		<Image Anchor="C,T" AnchorSide="I,O" Offset="0,-27" Size="256,64" Texture="DecTop256x64.dds">
			<Image Anchor="C,C" Offset="0,-6" Size="80,80" Texture="NotificationFrameBase.dds">
				<Image ID="DialogTopIcon" Anchor="C,C" Offset="0,0" Size="80,80" Texture="NotificationGeneric.dds" />
			</Image>
		</Image>

		<Image Anchor="L,C" AnchorSide="O,I" Offset="-17,0" Size="32,64" Texture="Dec32x64Left.dds" />
		<Image Anchor="R,C" AnchorSide="O,I" Offset="-17,0" Size="32,64" Texture="Dec32x64Right.dds" />
		
		<AlphaAnim ID="MercBgImage" Anchor="L,T" Offset="17,43" Size="606,260" TextureOffset="0,0" Texture="MercBG.dds" Cycle="Once" Stopped="1" AlphaStart="0.3" AlphaEnd="0.1" Speed="1"/>
		
		<Label ID="Message1" Anchor="C,T" Font="TwCenMT24" FontStyle="Shadow" ColorSet="Beige_Black_Alpha" String="TXT_KEY_MERC_FUN_MESSAGE_1" Offset="0, 20"/>
		<Label ID="Message2" Anchor="L,T" Font="TwCenMT24" FontStyle="Shadow" ColorSet="Beige_Black_Alpha" String="TXT_KEY_MERC_FUN_MESSAGE_2" Offset="35, 70"/>
		<Label ID="Message3" Anchor="L,T" Font="TwCenMT24" FontStyle="Shadow" ColorSet="Beige_Black_Alpha" String="TXT_KEY_MERC_FUN_MESSAGE_3" Offset="35, 110"/>
		<Label ID="Message4" Anchor="L,T" Font="TwCenMT24" FontStyle="Shadow" ColorSet="Beige_Black_Alpha" String="TXT_KEY_MERC_FUN_MESSAGE_4" Offset="35, 150"/>
		<Label ID="Message5" Anchor="C,T" Font="TwCenMT24" FontStyle="Shadow" ColorSet="Beige_Black_Alpha" String="TXT_KEY_MERC_FUN_MESSAGE_5" Offset="0, 200"/>
				
		<Stack Anchor="C,B" Offset="0,60" StackGrowth="Right" Padding="10">
			<GridButton ID="Rehire" Size="140,36" Style="BaseButton" ToolTip="TXT_KEY_MERC_FUN_REHIRE_BUTTON_TT">
				<Label Anchor="C,C" Offset="0,-2" String="TXT_KEY_MERC_FUN_REHIRE_BUTTON" Font="TwCenMT24" FontStyle="Shadow" ColorSet="Beige_Black_Alpha" />
			</GridButton>

			<GridButton ID="Disband" Size="140,36" Style="BaseButton" ToolTip="TXT_KEY_MERC_FUN_DISBAND_BUTTON_TT">
				<Label Anchor="C,C" Offset="0,-2" String="TXT_KEY_MERC_FUN_DISBAND_BUTTON" Font="TwCenMT24" FontStyle="Shadow" ColorSet="Beige_Black_Alpha" />
			</GridButton>
		</Stack>
	</Grid>
</Context>
