<?xml version="1.0" encoding="UTF-8"?>
<Formations>
	<Formation>
		<Name>DefaultMelee</Name>
		<SpacingX>13</SpacingX>
		<SpacingY>13</SpacingY>
		<SpacingMultiplier>1</SpacingMultiplier>
		<PerRowInc>0</PerRowInc>
		<YOffsetInc>1</YOffsetInc>
		<YOffsetCurved>1</YOffsetCurved>
		<Stagger>0</Stagger>
		<UnitRandomness>0.2</UnitRandomness>
		<BlockRandomness>0.2</BlockRandomness>
		<TotalWidth>4</TotalWidth>
		<XBlockSize>0</XBlockSize>
		<XBlockSpacingCount>0</XBlockSpacingCount>
		<YBlockSize>0</YBlockSize>
		<YBlockSpacingCount>0</YBlockSpacingCount>
		<CenterWidth>0</CenterWidth>
	</Formation>
	<Formation>
		<Name>DefaultCavalry</Name>
		<SpacingX>12</SpacingX>
		<SpacingY>25</SpacingY>
		<SpacingMultiplier>1</SpacingMultiplier>
		<PerRowInc>0</PerRowInc>
		<YOffsetInc>1</YOffsetInc>
		<YOffsetCurved>1</YOffsetCurved>
		<Stagger>1</Stagger>
		<UnitRandomness>0.2</UnitRandomness>
		<BlockRandomness>0.2</BlockRandomness>
		<TotalWidth>3</TotalWidth>
		<XBlockSize>0</XBlockSize>
		<XBlockSpacingCount>0</XBlockSpacingCount>
		<YBlockSize>0</YBlockSize>
		<YBlockSpacingCount>0</YBlockSpacingCount>
		<CenterWidth>4</CenterWidth>
	</Formation>
	<Formation>
		<Name>Warrior</Name>
		<SpacingX>13</SpacingX>
		<SpacingY>13</SpacingY>
		<SpacingMultiplier>1</SpacingMultiplier>
		<PerRowInc>0</PerRowInc>
		<YOffsetInc>1</YOffsetInc>
		<YOffsetCurved>1</YOffsetCurved>
		<Stagger>0</Stagger>
		<UnitRandomness>0.4</UnitRandomness>
		<BlockRandomness>0.2</BlockRandomness>
		<TotalWidth>4</TotalWidth>
		<XBlockSize>0</XBlockSize>
		<XBlockSpacingCount>0</XBlockSpacingCount>
		<YBlockSize>0</YBlockSize>
		<YBlockSpacingCount>0</YBlockSpacingCount>
		<CenterWidth>0</CenterWidth>
	</Formation>
	<Formation>
		<Name>Archer</Name>
		<SpacingX>9</SpacingX>
		<SpacingY>12</SpacingY>
		<SpacingMultiplier>1</SpacingMultiplier>
		<PerRowInc>0</PerRowInc>
		<YOffsetInc>1</YOffsetInc>
		<YOffsetCurved>1</YOffsetCurved>
		<Stagger>0</Stagger>
		<UnitRandomness>0.5</UnitRandomness>
		<BlockRandomness>0.2</BlockRandomness>
		<TotalWidth>6</TotalWidth>
		<XBlockSize>0</XBlockSize>
		<XBlockSpacingCount>0</XBlockSpacingCount>
		<YBlockSize>0</YBlockSize>
		<YBlockSpacingCount>0</YBlockSpacingCount>
		<CenterWidth>0</CenterWidth>
	</Formation>
	<Formation>
		<Name>Scout</Name>
		<SpacingX>11</SpacingX>
		<SpacingY>14</SpacingY>
		<SpacingMultiplier>1</SpacingMultiplier>
		<PerRowInc>0</PerRowInc>
		<YOffsetInc>1</YOffsetInc>
		<YOffsetCurved>1</YOffsetCurved>
		<Stagger>0</Stagger>
		<UnitRandomness>0.6</UnitRandomness>
		<BlockRandomness>0.2</BlockRandomness>
		<TotalWidth>4</TotalWidth>
		<XBlockSize>0</XBlockSize>
		<XBlockSpacingCount>0</XBlockSpacingCount>
		<YBlockSize>0</YBlockSize>
		<YBlockSpacingCount>0</YBlockSpacingCount>
		<CenterWidth>0</CenterWidth>
	</Formation>
	<Formation>
		<Name>Phalanx</Name>
		<SpacingX>11</SpacingX>
		<SpacingY>11</SpacingY>
		<SpacingMultiplier>1</SpacingMultiplier>
		<PerRowInc>0</PerRowInc>
		<YOffsetInc>1</YOffsetInc>
		<YOffsetCurved>1</YOffsetCurved>
		<Stagger>0</Stagger>
		<UnitRandomness>0.2</UnitRandomness>
		<BlockRandomness>0.2</BlockRandomness>
		<TotalWidth>4</TotalWidth>
		<XBlockSize>0</XBlockSize>
		<XBlockSpacingCount>0</XBlockSpacingCount>
		<YBlockSize>0</YBlockSize>
		<YBlockSpacingCount>0</YBlockSpacingCount>
		<CenterWidth>0</CenterWidth>
	</Formation>
	<Formation>
		<Name>Pikeman</Name>
		<SpacingX>9</SpacingX>
		<SpacingY>12</SpacingY>
		<SpacingMultiplier>1</SpacingMultiplier>
		<PerRowInc>0</PerRowInc>
		<YOffsetInc>3</YOffsetInc>
		<YOffsetCurved>30</YOffsetCurved>
		<Stagger>0</Stagger>
		<UnitRandomness>0.2</UnitRandomness>
		<BlockRandomness>0.2</BlockRandomness>
		<TotalWidth>6</TotalWidth>
		<XBlockSize>0</XBlockSize>
		<XBlockSpacingCount>0</XBlockSpacingCount>
		<YBlockSize>0</YBlockSize>
		<YBlockSpacingCount>0</YBlockSpacingCount>
		<CenterWidth>0</CenterWidth>
	</Formation>
	<Formation>
		<Name>HonorableGunpowder</Name>
		<SpacingX>8</SpacingX>
		<SpacingY>13</SpacingY>
		<SpacingMultiplier>1</SpacingMultiplier>
		<PerRowInc>0</PerRowInc>
		<YOffsetInc>1</YOffsetInc>
		<YOffsetCurved>1</YOffsetCurved>
		<Stagger>0</Stagger>
		<UnitRandomness>0.1</UnitRandomness>
		<BlockRandomness>0.2</BlockRandomness>
		<TotalWidth>7</TotalWidth>
		<XBlockSize>0</XBlockSize>
		<XBlockSpacingCount>0</XBlockSpacingCount>
		<YBlockSize>0</YBlockSize>
		<YBlockSpacingCount>0</YBlockSpacingCount>
		<CenterWidth>0</CenterWidth>
	</Formation>
	<Formation>
		<Name>ThreeBigGuns</Name>
		<SpacingX>20</SpacingX>
		<SpacingY>36</SpacingY>
		<SpacingMultiplier>1</SpacingMultiplier>
		<PerRowInc>0</PerRowInc>
		<YOffsetInc>6</YOffsetInc>
		<YOffsetCurved>1</YOffsetCurved>
		<Stagger>0</Stagger>
		<UnitRandomness>0.2</UnitRandomness>
		<BlockRandomness>0.2</BlockRandomness>
		<TotalWidth>3</TotalWidth>
		<XBlockSize>0</XBlockSize>
		<XBlockSpacingCount>0</XBlockSpacingCount>
		<YBlockSize>0</YBlockSize>
		<YBlockSpacingCount>0</YBlockSpacingCount>
		<CenterWidth>0</CenterWidth>
	</Formation>
	<Formation>
		<Name>TwoBigGuns</Name>
		<SpacingX>28</SpacingX>
		<SpacingY>36</SpacingY>
		<SpacingMultiplier>1</SpacingMultiplier>
		<PerRowInc>0</PerRowInc>
		<YOffsetInc>1</YOffsetInc>
		<YOffsetCurved>1</YOffsetCurved>
		<Stagger>0</Stagger>
		<UnitRandomness>0.2</UnitRandomness>
		<BlockRandomness>0.2</BlockRandomness>
		<TotalWidth>3</TotalWidth>
		<XBlockSize>0</XBlockSize>
		<XBlockSpacingCount>0</XBlockSpacingCount>
		<YBlockSize>0</YBlockSize>
		<YBlockSpacingCount>0</YBlockSpacingCount>
		<CenterWidth>0</CenterWidth>
	</Formation>
	<Formation>
		<Name>Vehicle</Name>
		<SpacingX>18</SpacingX>
		<SpacingY>12</SpacingY>
		<SpacingMultiplier>1</SpacingMultiplier>
		<PerRowInc>0</PerRowInc>
		<YOffsetInc>6</YOffsetInc>
		<YOffsetCurved>1</YOffsetCurved>
		<Stagger>0</Stagger>
		<UnitRandomness>0.2</UnitRandomness>
		<BlockRandomness>0.2</BlockRandomness>
		<TotalWidth>3</TotalWidth>
		<XBlockSize>0</XBlockSize>
		<XBlockSpacingCount>0</XBlockSpacingCount>
		<YBlockSize>0</YBlockSize>
		<YBlockSpacingCount>0</YBlockSpacingCount>
		<CenterWidth>0</CenterWidth>
	</Formation>
	<Formation>
		<Name>ChariotElephant</Name>
		<SpacingX>24</SpacingX>
		<SpacingY>36</SpacingY>
		<SpacingMultiplier>1</SpacingMultiplier>
		<PerRowInc>0</PerRowInc>
		<YOffsetInc>1</YOffsetInc>
		<YOffsetCurved>1</YOffsetCurved>
		<Stagger>0</Stagger>
		<UnitRandomness>0.2</UnitRandomness>
		<BlockRandomness>0.2</BlockRandomness>
		<TotalWidth>2</TotalWidth>
		<XBlockSize>0</XBlockSize>
		<XBlockSpacingCount>0</XBlockSpacingCount>
		<YBlockSize>0</YBlockSize>
		<YBlockSpacingCount>0</YBlockSpacingCount>
		<CenterWidth>0</CenterWidth>
	</Formation>
	<Formation>
		<Name>Samurai</Name>
		<SpacingX>8</SpacingX>
		<SpacingY>13</SpacingY>
		<SpacingMultiplier>1</SpacingMultiplier>
		<PerRowInc>0</PerRowInc>
		<YOffsetInc>1</YOffsetInc>
		<YOffsetCurved>1</YOffsetCurved>
		<Stagger>0</Stagger>
		<UnitRandomness>0.2</UnitRandomness>
		<BlockRandomness>0.2</BlockRandomness>
		<TotalWidth>6</TotalWidth>
		<XBlockSize>2</XBlockSize>
		<XBlockSpacingCount>1</XBlockSpacingCount>
		<YBlockSize>3</YBlockSize>
		<YBlockSpacingCount>1</YBlockSpacingCount>
		<CenterWidth>2</CenterWidth>
	</Formation>
	<Formation>
		<Name>UnFormed</Name>
		<SpacingX>9</SpacingX>
		<SpacingY>14</SpacingY>
		<SpacingMultiplier>1</SpacingMultiplier>
		<PerRowInc>0</PerRowInc>
		<YOffsetInc>1</YOffsetInc>
		<YOffsetCurved>1</YOffsetCurved>
		<Stagger>1</Stagger>
		<UnitRandomness>0.6</UnitRandomness>
		<BlockRandomness>1</BlockRandomness>
		<TotalWidth>5</TotalWidth>
		<XBlockSize>0</XBlockSize>
		<XBlockSpacingCount>0</XBlockSpacingCount>
		<YBlockSize>0</YBlockSize>
		<YBlockSpacingCount>0</YBlockSpacingCount>
		<CenterWidth>0</CenterWidth>
	</Formation>
	<Formation>
		<Name>Barbarian</Name>
		<SpacingX>9</SpacingX>
		<SpacingY>14</SpacingY>
		<SpacingMultiplier>1</SpacingMultiplier>
		<PerRowInc>0</PerRowInc>
		<YOffsetInc>1</YOffsetInc>
		<YOffsetCurved>1</YOffsetCurved>
		<Stagger>1</Stagger>
		<UnitRandomness>0.8</UnitRandomness>
		<BlockRandomness>1</BlockRandomness>
		<TotalWidth>4</TotalWidth>
		<XBlockSize>0</XBlockSize>
		<XBlockSpacingCount>0</XBlockSpacingCount>
		<YBlockSize>0</YBlockSize>
		<YBlockSpacingCount>0</YBlockSpacingCount>
		<CenterWidth>0</CenterWidth>
	</Formation>
	<Formation>
		<Name>LooseCivilian</Name>
		<SpacingX>12</SpacingX>
		<SpacingY>14</SpacingY>
		<SpacingMultiplier>1</SpacingMultiplier>
		<PerRowInc>0</PerRowInc>
		<YOffsetInc>1</YOffsetInc>
		<YOffsetCurved>1</YOffsetCurved>
		<Stagger>1</Stagger>
		<UnitRandomness>0.8</UnitRandomness>
		<BlockRandomness>0.8</BlockRandomness>
		<TotalWidth>4</TotalWidth>
		<XBlockSize>0</XBlockSize>
		<XBlockSpacingCount>0</XBlockSpacingCount>
		<YBlockSize>0</YBlockSize>
		<YBlockSpacingCount>0</YBlockSpacingCount>
		<CenterWidth>0</CenterWidth>
	</Formation>
	<Formation>
		<Name>Melee Front</Name>
		<SpacingX>11</SpacingX>
		<SpacingY>11</SpacingY>
		<SpacingMultiplier>1</SpacingMultiplier>
		<PerRowInc>0</PerRowInc>
		<YOffsetInc>8.8268</YOffsetInc>
		<YOffsetCurved>1</YOffsetCurved>
		<Stagger>0</Stagger>
		<UnitRandomness>0</UnitRandomness>
		<BlockRandomness>0</BlockRandomness>
		<TotalWidth>5</TotalWidth>
		<XBlockSize>0</XBlockSize>
		<XBlockSpacingCount>0</XBlockSpacingCount>
		<YBlockSize>0</YBlockSize>
		<YBlockSpacingCount>0</YBlockSpacingCount>
		<CenterWidth>0</CenterWidth>
	</Formation>
	<Formation>
		<Name>BomberWing</Name>
		<SpacingX>20</SpacingX>
		<SpacingY>12</SpacingY>
		<SpacingMultiplier>1</SpacingMultiplier>
		<PerRowInc>0</PerRowInc>
		<YOffsetInc>6</YOffsetInc>
		<YOffsetCurved>1</YOffsetCurved>
		<Stagger>0</Stagger>
		<UnitRandomness>0.2</UnitRandomness>
		<BlockRandomness>0.2</BlockRandomness>
		<TotalWidth>3</TotalWidth>
		<XBlockSize>0</XBlockSize>
		<XBlockSpacingCount>0</XBlockSpacingCount>
		<YBlockSize>0</YBlockSize>
		<YBlockSpacingCount>0</YBlockSpacingCount>
		<CenterWidth>0</CenterWidth>
	</Formation>
	<Formation>
		<Name>FighterWing</Name>
		<SpacingX>20</SpacingX>
		<SpacingY>12</SpacingY>
		<SpacingMultiplier>1</SpacingMultiplier>
		<PerRowInc>0</PerRowInc>
		<YOffsetInc>6</YOffsetInc>
		<YOffsetCurved>1</YOffsetCurved>
		<Stagger>0</Stagger>
		<UnitRandomness>0.2</UnitRandomness>
		<BlockRandomness>0.2</BlockRandomness>
		<TotalWidth>3</TotalWidth>
		<XBlockSize>0</XBlockSize>
		<XBlockSpacingCount>0</XBlockSpacingCount>
		<YBlockSize>0</YBlockSize>
		<YBlockSpacingCount>0</YBlockSpacingCount>
		<CenterWidth>0</CenterWidth>
	</Formation>
	<Formation>
		<Name>EarlyGreatArtist</Name>
		<SpacingX>9</SpacingX>
		<SpacingY>13</SpacingY>
		<SpacingMultiplier>1</SpacingMultiplier>
		<PerRowInc>0</PerRowInc>
		<YOffsetInc>6.215</YOffsetInc>
		<YOffsetCurved>1</YOffsetCurved>
		<Stagger>0</Stagger>
		<UnitRandomness>0</UnitRandomness>
		<BlockRandomness>0</BlockRandomness>
		<TotalWidth>5</TotalWidth>
		<XBlockSize>0</XBlockSize>
		<XBlockSpacingCount>0</XBlockSpacingCount>
		<YBlockSize>0</YBlockSize>
		<YBlockSpacingCount>0</YBlockSpacingCount>
		<CenterWidth>0</CenterWidth>
	</Formation>
	<Formation>
		<Name>EarlyGreatMerchant</Name>
		<SpacingX>9</SpacingX>
		<SpacingY>5</SpacingY>
		<SpacingMultiplier>1.39252</SpacingMultiplier>
		<PerRowInc>0</PerRowInc>
		<YOffsetInc>10</YOffsetInc>
		<YOffsetCurved>1</YOffsetCurved>
		<Stagger>0</Stagger>
		<UnitRandomness>0</UnitRandomness>
		<BlockRandomness>0</BlockRandomness>
		<TotalWidth>3</TotalWidth>
		<XBlockSize>4</XBlockSize>
		<XBlockSpacingCount>0</XBlockSpacingCount>
		<YBlockSize>0</YBlockSize>
		<YBlockSpacingCount>1</YBlockSpacingCount>
		<CenterWidth>0</CenterWidth>
	</Formation>
	<Formation>
		<Name>OffsetPikeman</Name>
		<SpacingX>9</SpacingX>
		<SpacingY>12</SpacingY>
		<SpacingMultiplier>1</SpacingMultiplier>
		<PerRowInc>0</PerRowInc>
		<YOffsetInc>1</YOffsetInc>
		<YOffsetCurved>30</YOffsetCurved>
		<Stagger>1</Stagger>
		<UnitRandomness>0.2</UnitRandomness>
		<BlockRandomness>0.2</BlockRandomness>
		<TotalWidth>6</TotalWidth>
		<XBlockSize>3</XBlockSize>
		<XBlockSpacingCount>1</XBlockSpacingCount>
		<YBlockSize>0</YBlockSize>
		<YBlockSpacingCount>0</YBlockSpacingCount>
		<CenterWidth>0</CenterWidth>
	</Formation>
	<Formation>
		<Name>ThreeInLine</Name>
		<SpacingX>6</SpacingX>
		<SpacingY>24</SpacingY>
		<SpacingMultiplier>1</SpacingMultiplier>
		<PerRowInc>0</PerRowInc>
		<YOffsetInc>1.2</YOffsetInc>
		<YOffsetCurved>0</YOffsetCurved>
		<Stagger>0</Stagger>
		<UnitRandomness>0</UnitRandomness>
		<BlockRandomness>0</BlockRandomness>
		<TotalWidth>1</TotalWidth>
		<XBlockSize>-1</XBlockSize>
		<XBlockSpacingCount>0</XBlockSpacingCount>
		<YBlockSize>0</YBlockSize>
		<YBlockSpacingCount>0</YBlockSpacingCount>
		<CenterWidth>0</CenterWidth>
	</Formation>
	<Formation>
		<Name>TheeInLineStag</Name>
		<SpacingX>22</SpacingX>
		<SpacingY>23</SpacingY>
		<SpacingMultiplier>1</SpacingMultiplier>
		<PerRowInc>0</PerRowInc>
		<YOffsetInc>0</YOffsetInc>
		<YOffsetCurved>0</YOffsetCurved>
		<Stagger>0</Stagger>
		<UnitRandomness>1</UnitRandomness>
		<BlockRandomness>0</BlockRandomness>
		<TotalWidth>1</TotalWidth>
		<XBlockSize>0</XBlockSize>
		<XBlockSpacingCount>0</XBlockSpacingCount>
		<YBlockSize>0</YBlockSize>
		<YBlockSpacingCount>0</YBlockSpacingCount>
		<CenterWidth>0</CenterWidth>
	</Formation>
	<Formation>
		<Name>ProtectedBigGun</Name>
		<SpacingX>40</SpacingX>
		<SpacingY>36</SpacingY>
		<SpacingMultiplier>1</SpacingMultiplier>
		<PerRowInc>0</PerRowInc>
		<YOffsetInc>6</YOffsetInc>
		<YOffsetCurved>2</YOffsetCurved>
		<Stagger>1</Stagger>
		<UnitRandomness>0</UnitRandomness>
		<BlockRandomness>0</BlockRandomness>
		<TotalWidth>2</TotalWidth>
		<XBlockSize>40</XBlockSize>
		<XBlockSpacingCount>0</XBlockSpacingCount>
		<YBlockSize>0</YBlockSize>
		<YBlockSpacingCount>0</YBlockSpacingCount>
		<CenterWidth>0</CenterWidth>
	</Formation>
</Formations>