<?xml version="1.0" encoding="utf-8"?>
<!-- Created by ModBuddy on 2/11/2014 10:05:13 PM -->
<GameData>
	<Improvement_Yields>
		<Row>
			<ImprovementType>IMPROVEMENT_LUMBERMILL</ImprovementType>
			<YieldType>YIELD_GOLD</YieldType>
			<Yield>1</Yield>
		</Row>
		<Row>
			<ImprovementType>IMPROVEMENT_PLANTATION</ImprovementType>
			<YieldType>YIELD_PRODUCTION</YieldType>
			<Yield>1</Yield>
		</Row>
		<Row>
			<ImprovementType>IMPROVEMENT_WELL</ImprovementType>
			<YieldType>YIELD_GOLD</YieldType>
			<Yield>1</Yield>
		</Row>
		<Row>
			<ImprovementType>IMPROVEMENT_OFFSHORE_PLATFORM</ImprovementType>
			<YieldType>YIELD_GOLD</YieldType>
			<Yield>1</Yield>
		</Row>
	</Improvement_Yields>
	<Improvement_TechYieldChanges>
		<Row>
			<ImprovementType>IMPROVEMENT_FARM</ImprovementType>
			<TechType>TECH_GLOBALIZATION</TechType>
			<YieldType>YIELD_PRODUCTION</YieldType>
			<Yield>1</Yield>
		</Row>
		<Row>
			<ImprovementType>IMPROVEMENT_TERRACE_FARM</ImprovementType>
			<TechType>TECH_GLOBALIZATION</TechType>
			<YieldType>YIELD_PRODUCTION</YieldType>
			<Yield>1</Yield>
		</Row>
	</Improvement_TechYieldChanges>
	<BuildFeatures>
		<Delete BuildType="BUILD_FARM"/>
		<Delete BuildType="BUILD_MINE"/>
		<Delete BuildType="BUILD_PASTURE"/>
		<Delete BuildType="BUILD_PLANTATION"/>
		<Delete BuildType="BUILD_QUARRY"/>
		<Delete BuildType="BUILD_REMOVE_JUNGLE"/>
		<Delete BuildType="BUILD_LANDMARK"/>
		<Delete BuildType="BUILD_ACADEMY"/>
		<Delete BuildType="BUILD_CUSTOMS_HOUSE"/>
		<Delete BuildType="BUILD_MANUFACTORY"/>
		<Delete BuildType="BUILD_CITADEL"/>
		<Delete BuildType="BUILD_WELL"/>
		<Delete BuildType="BUILD_ARCHAEOLOGY_DIG"/>
		<Delete BuildType="BUILD_CHATEAU"/>
		<Row>
			<BuildType>BUILD_FARM</BuildType>
			<FeatureType>FEATURE_JUNGLE</FeatureType>
			<PrereqTech>TECH_BRONZE_WORKING</PrereqTech>
			<Time>700</Time>
			<Production>20</Production>
			<Remove>true</Remove>
		</Row>
		<Row>
			<BuildType>BUILD_FARM</BuildType>
			<FeatureType>FEATURE_FOREST</FeatureType>
			<PrereqTech>TECH_MINING</PrereqTech>
			<Time>400</Time>
			<Production>20</Production>
			<Remove>true</Remove>
		</Row>
		<Row>
			<BuildType>BUILD_FARM</BuildType>
			<FeatureType>FEATURE_MARSH</FeatureType>
			<PrereqTech>TECH_MASONRY</PrereqTech>
			<Time>600</Time>
			<Remove>true</Remove>
		</Row>
		<Row>
			<BuildType>BUILD_MINE</BuildType>
			<FeatureType>FEATURE_JUNGLE</FeatureType>
			<PrereqTech>TECH_BRONZE_WORKING</PrereqTech>
			<Time>700</Time>
			<Production>20</Production>
			<Remove>true</Remove>
		</Row>
		<Row>
			<BuildType>BUILD_MINE</BuildType>
			<FeatureType>FEATURE_FOREST</FeatureType>
			<PrereqTech>TECH_MINING</PrereqTech>
			<Time>400</Time>
			<Production>20</Production>
			<Remove>true</Remove>
		</Row>
		<Row>
			<BuildType>BUILD_MINE</BuildType>
			<FeatureType>FEATURE_MARSH</FeatureType>
			<PrereqTech>TECH_MASONRY</PrereqTech>
			<Time>600</Time>
			<Remove>true</Remove>
		</Row>
		<Row>
			<BuildType>BUILD_PASTURE</BuildType>
			<FeatureType>FEATURE_JUNGLE</FeatureType>
			<PrereqTech>TECH_BRONZE_WORKING</PrereqTech>
			<Time>700</Time>
			<Production>20</Production>
			<Remove>true</Remove>
		</Row>
		<Row>
			<BuildType>BUILD_PASTURE</BuildType>
			<FeatureType>FEATURE_FOREST</FeatureType>
			<PrereqTech>TECH_MINING</PrereqTech>
			<Time>400</Time>
			<Production>20</Production>
			<Remove>true</Remove>
		</Row>
		<Row>
			<BuildType>BUILD_PASTURE</BuildType>
			<FeatureType>FEATURE_MARSH</FeatureType>
			<PrereqTech>TECH_MASONRY</PrereqTech>
			<Time>600</Time>
			<Remove>true</Remove>
		</Row>
		<Row>
			<BuildType>BUILD_PLANTATION</BuildType>
			<FeatureType>FEATURE_JUNGLE</FeatureType>
			<PrereqTech>TECH_BRONZE_WORKING</PrereqTech>
			<Time>700</Time>
			<Production>20</Production>
			<Remove>true</Remove>
		</Row>
		<Row>
			<BuildType>BUILD_PLANTATION</BuildType>
			<FeatureType>FEATURE_FOREST</FeatureType>
			<PrereqTech>TECH_MINING</PrereqTech>
			<Time>400</Time>
			<Production>20</Production>
			<Remove>true</Remove>
		</Row>
		<Row>
			<BuildType>BUILD_PLANTATION</BuildType>
			<FeatureType>FEATURE_MARSH</FeatureType>
			<PrereqTech>TECH_MASONRY</PrereqTech>
			<Time>600</Time>
			<Remove>true</Remove>
		</Row>
		<Row>
			<BuildType>BUILD_QUARRY</BuildType>
			<FeatureType>FEATURE_JUNGLE</FeatureType>
			<PrereqTech>TECH_BRONZE_WORKING</PrereqTech>
			<Time>700</Time>
			<Production>20</Production>
			<Remove>true</Remove>
		</Row>
		<Row>
			<BuildType>BUILD_QUARRY</BuildType>
			<FeatureType>FEATURE_FOREST</FeatureType>
			<PrereqTech>TECH_MINING</PrereqTech>
			<Time>400</Time>
			<Production>20</Production>
			<Remove>true</Remove>
		</Row>
		<Row>
			<BuildType>BUILD_QUARRY</BuildType>
			<FeatureType>FEATURE_MARSH</FeatureType>
			<PrereqTech>TECH_MASONRY</PrereqTech>
			<Time>600</Time>
			<Remove>true</Remove>
		</Row>
		<Row>
			<BuildType>BUILD_REMOVE_JUNGLE</BuildType>
			<FeatureType>FEATURE_JUNGLE</FeatureType>
			<PrereqTech>TECH_BRONZE_WORKING</PrereqTech>
			<Time>700</Time>
			<Production>20</Production>
			<Remove>true</Remove>
		</Row>
		<Row>
			<BuildType>BUILD_LANDMARK</BuildType>
			<FeatureType>FEATURE_JUNGLE</FeatureType>
			<PrereqTech>TECH_BRONZE_WORKING</PrereqTech>
			<Production>20</Production>
			<Remove>true</Remove>
		</Row>
		<Row>
			<BuildType>BUILD_LANDMARK</BuildType>
			<FeatureType>FEATURE_FOREST</FeatureType>
			<PrereqTech>TECH_MINING</PrereqTech>
			<Production>20</Production>
			<Remove>true</Remove>
		</Row>
		<Row>
			<BuildType>BUILD_LANDMARK</BuildType>
			<FeatureType>FEATURE_MARSH</FeatureType>
			<PrereqTech>TECH_MASONRY</PrereqTech>
			<Remove>true</Remove>
		</Row>
		<Row>
			<BuildType>BUILD_ACADEMY</BuildType>
			<FeatureType>FEATURE_JUNGLE</FeatureType>
			<PrereqTech>TECH_BRONZE_WORKING</PrereqTech>
			<Production>20</Production>
			<Remove>true</Remove>
		</Row>
		<Row>
			<BuildType>BUILD_ACADEMY</BuildType>
			<FeatureType>FEATURE_FOREST</FeatureType>
			<PrereqTech>TECH_MINING</PrereqTech>
			<Production>20</Production>
			<Remove>true</Remove>
		</Row>
		<Row>
			<BuildType>BUILD_ACADEMY</BuildType>
			<FeatureType>FEATURE_MARSH</FeatureType>
			<PrereqTech>TECH_MASONRY</PrereqTech>
			<Remove>true</Remove>
		</Row>
		<Row>
			<BuildType>BUILD_CUSTOMS_HOUSE</BuildType>
			<FeatureType>FEATURE_JUNGLE</FeatureType>
			<PrereqTech>TECH_BRONZE_WORKING</PrereqTech>
			<Production>20</Production>
			<Remove>true</Remove>
		</Row>
		<Row>
			<BuildType>BUILD_CUSTOMS_HOUSE</BuildType>
			<FeatureType>FEATURE_FOREST</FeatureType>
			<PrereqTech>TECH_MINING</PrereqTech>
			<Production>20</Production>
			<Remove>true</Remove>
		</Row>
		<Row>
			<BuildType>BUILD_CUSTOMS_HOUSE</BuildType>
			<FeatureType>FEATURE_MARSH</FeatureType>
			<PrereqTech>TECH_MASONRY</PrereqTech>
			<Remove>true</Remove>
		</Row>
		<Row>
			<BuildType>BUILD_MANUFACTORY</BuildType>
			<FeatureType>FEATURE_JUNGLE</FeatureType>
			<PrereqTech>TECH_BRONZE_WORKING</PrereqTech>
			<Production>20</Production>
			<Remove>true</Remove>
		</Row>
		<Row>
			<BuildType>BUILD_MANUFACTORY</BuildType>
			<FeatureType>FEATURE_FOREST</FeatureType>
			<PrereqTech>TECH_MINING</PrereqTech>
			<Production>20</Production>
			<Remove>true</Remove>
		</Row>
		<Row>
			<BuildType>BUILD_MANUFACTORY</BuildType>
			<FeatureType>FEATURE_MARSH</FeatureType>
			<PrereqTech>TECH_MASONRY</PrereqTech>
			<Remove>true</Remove>
		</Row>
		<Row>
			<BuildType>BUILD_CITADEL</BuildType>
			<FeatureType>FEATURE_JUNGLE</FeatureType>
			<PrereqTech>TECH_BRONZE_WORKING</PrereqTech>
			<Production>20</Production>
			<Remove>true</Remove>
		</Row>
		<Row>
			<BuildType>BUILD_CITADEL</BuildType>
			<FeatureType>FEATURE_FOREST</FeatureType>
			<PrereqTech>TECH_MINING</PrereqTech>
			<Production>20</Production>
			<Remove>true</Remove>
		</Row>
		<Row>
			<BuildType>BUILD_CITADEL</BuildType>
			<FeatureType>FEATURE_MARSH</FeatureType>
			<PrereqTech>TECH_MASONRY</PrereqTech>
			<Remove>true</Remove>
		</Row>
		<Row>
			<BuildType>BUILD_WELL</BuildType>
			<FeatureType>FEATURE_JUNGLE</FeatureType>
			<PrereqTech>TECH_BRONZE_WORKING</PrereqTech>
			<Production>20</Production>
			<Time>700</Time>
			<Remove>true</Remove>
		</Row>
		<Row>
			<BuildType>BUILD_WELL</BuildType>
			<FeatureType>FEATURE_FOREST</FeatureType>
			<PrereqTech>TECH_MINING</PrereqTech>
			<Time>400</Time>
			<Production>20</Production>
			<Remove>true</Remove>
		</Row>
		<Row>
			<BuildType>BUILD_WELL</BuildType>
			<FeatureType>FEATURE_MARSH</FeatureType>
			<PrereqTech>TECH_MASONRY</PrereqTech>
			<Time>600</Time>
			<Remove>true</Remove>
		</Row>
		<Row>
			<BuildType>BUILD_ARCHAEOLOGY_DIG</BuildType>
			<FeatureType>FEATURE_JUNGLE</FeatureType>
			<PrereqTech>TECH_BRONZE_WORKING</PrereqTech>
			<Production>20</Production>
			<Time>700</Time>
			<Remove>true</Remove>
		</Row>
		<Row>
			<BuildType>BUILD_ARCHAEOLOGY_DIG</BuildType>
			<FeatureType>FEATURE_FOREST</FeatureType>
			<PrereqTech>TECH_MINING</PrereqTech>
			<Time>400</Time>
			<Production>20</Production>
			<Remove>true</Remove>
		</Row>
		<Row>
			<BuildType>BUILD_ARCHAEOLOGY_DIG</BuildType>
			<FeatureType>FEATURE_MARSH</FeatureType>
			<PrereqTech>TECH_MASONRY</PrereqTech>
			<Time>600</Time>
			<Remove>true</Remove>
		</Row>
		<Row>
			<BuildType>BUILD_CHATEAU</BuildType>
			<FeatureType>FEATURE_JUNGLE</FeatureType>
			<PrereqTech>TECH_BRONZE_WORKING</PrereqTech>
			<Time>700</Time>
			<Production>20</Production>
			<Remove>true</Remove>
		</Row>
		<Row>
			<BuildType>BUILD_CHATEAU</BuildType>
			<FeatureType>FEATURE_FOREST</FeatureType>
			<PrereqTech>TECH_MINING</PrereqTech>
			<Time>400</Time>
			<Production>20</Production>
			<Remove>true</Remove>
		</Row>
		<Row>
			<BuildType>BUILD_CHATEAU</BuildType>
			<FeatureType>FEATURE_MARSH</FeatureType>
			<PrereqTech>TECH_MASONRY</PrereqTech>
			<Time>600</Time>
			<Remove>true</Remove>
		</Row>
	</BuildFeatures>
</GameData>