<?xml version="1.0" encoding="utf-8"?>
<!-- Created by ModBuddy on 30-Sep-14 12:03:26 -->
<GameData>
	<!-- Art -->
	<ArtDefine_LandmarkTypes>
		<Row>
			<Type>ART_DEF_IMPROVEMENT_TRADING_POST_X</Type>
			<LandmarkType>Improvement</LandmarkType>
			<FriendlyName>Trading Post X</FriendlyName>
		</Row>
		<Row>
			<Type>ART_DEF_IMPROVEMENT_VILLAGE</Type>
			<LandmarkType>Improvement</LandmarkType>
			<FriendlyName>Village</FriendlyName>
		</Row>
		<Row>
			<Type>ART_DEF_IMPROVEMENT_TOWN</Type>
			<LandmarkType>Improvement</LandmarkType>
			<FriendlyName>Town</FriendlyName>
		</Row>
	</ArtDefine_LandmarkTypes>

	<ArtDefine_Landmarks>		
		<!-- Outdoor Market -->
		<Row>
			<Era>Ancient</Era>
			<State>UnderConstruction</State>
			<Scale>0.6</Scale>
			<ImprovementType>ART_DEF_IMPROVEMENT_TRADING_POST_X</ImprovementType>
			<LayoutHandler>RANDOM</LayoutHandler>
			<ResourceType>ART_DEF_RESOURCE_ALL</ResourceType>
			<Model>hb_med_town1.fxsxml</Model>
			<TerrainContour>1</TerrainContour>
			<Tech></Tech>
		</Row>
		<Row>
			<Era>Ancient</Era>
			<State>Constructed</State>
			<Scale>0.6</Scale>
			<ImprovementType>ART_DEF_IMPROVEMENT_TRADING_POST_X</ImprovementType>
			<LayoutHandler>RANDOM</LayoutHandler>
			<ResourceType>ART_DEF_RESOURCE_ALL</ResourceType>
			<Model>med_town1.fxsxml</Model>
			<TerrainContour>1</TerrainContour>
			<Tech></Tech>
		</Row>
		<Row>
			<Era>Ancient</Era>
			<State>Pillaged</State>
			<Scale>0.6</Scale>
			<ImprovementType>ART_DEF_IMPROVEMENT_TRADING_POST_X</ImprovementType>
			<LayoutHandler>RANDOM</LayoutHandler>
			<ResourceType>ART_DEF_RESOURCE_ALL</ResourceType>
			<Model>pl_med_town1.fxsxml</Model>
			<TerrainContour>1</TerrainContour>
			<Tech></Tech>
		</Row>
		<Row>
			<Era>Industrial</Era>
			<State>UnderConstruction</State>
			<Scale>0.6</Scale>
			<ImprovementType>ART_DEF_IMPROVEMENT_TRADING_POST_X</ImprovementType>
			<LayoutHandler>RANDOM</LayoutHandler>
			<ResourceType>ART_DEF_RESOURCE_ALL</ResourceType>
			<Model>hb_med_town1.fxsxml</Model>
			<TerrainContour>1</TerrainContour>
			<Tech></Tech>
		</Row>
		<Row>
			<Era>Industrial</Era>
			<State>Constructed</State>
			<Scale>0.6</Scale>
			<ImprovementType>ART_DEF_IMPROVEMENT_TRADING_POST_X</ImprovementType>
			<LayoutHandler>RANDOM</LayoutHandler>
			<ResourceType>ART_DEF_RESOURCE_ALL</ResourceType>
			<Model>med_town1.fxsxml</Model>
			<TerrainContour>1</TerrainContour>
			<Tech></Tech>
		</Row>
		<Row>
			<Era>Industrial</Era>
			<State>Pillaged</State>
			<Scale>0.6</Scale>
			<ImprovementType>ART_DEF_IMPROVEMENT_TRADING_POST_X</ImprovementType>
			<LayoutHandler>RANDOM</LayoutHandler>
			<ResourceType>ART_DEF_RESOURCE_ALL</ResourceType>
			<Model>pl_med_town1.fxsxml</Model>
			<TerrainContour>1</TerrainContour>
			<Tech></Tech>
		</Row>
		<Row>
			<Era>Ancient</Era>
			<State>UnderConstruction</State>
			<Scale>0.6</Scale>
			<ImprovementType>ART_DEF_IMPROVEMENT_TRADING_POST_X</ImprovementType>
			<LayoutHandler>RANDOM</LayoutHandler>
			<ResourceType>ART_DEF_RESOURCE_ALL</ResourceType>
			<Model>hb_med_town2.fxsxml</Model>
			<TerrainContour>1</TerrainContour>
			<Tech></Tech>
		</Row>
		<Row>
			<Era>Ancient</Era>
			<State>Constructed</State>
			<Scale>0.6</Scale>
			<ImprovementType>ART_DEF_IMPROVEMENT_TRADING_POST_X</ImprovementType>
			<LayoutHandler>RANDOM</LayoutHandler>
			<ResourceType>ART_DEF_RESOURCE_ALL</ResourceType>
			<Model>med_town2.fxsxml</Model>
			<TerrainContour>1</TerrainContour>
			<Tech></Tech>
		</Row>
		<Row>
			<Era>Ancient</Era>
			<State>Pillaged</State>
			<Scale>0.6</Scale>
			<ImprovementType>ART_DEF_IMPROVEMENT_TRADING_POST_X</ImprovementType>
			<LayoutHandler>RANDOM</LayoutHandler>
			<ResourceType>ART_DEF_RESOURCE_ALL</ResourceType>
			<Model>pl_med_town2.fxsxml</Model>
			<TerrainContour>1</TerrainContour>
			<Tech></Tech>
		</Row>
		<Row>
			<Era>Industrial</Era>
			<State>UnderConstruction</State>
			<Scale>0.6</Scale>
			<ImprovementType>ART_DEF_IMPROVEMENT_TRADING_POST_X</ImprovementType>
			<LayoutHandler>RANDOM</LayoutHandler>
			<ResourceType>ART_DEF_RESOURCE_ALL</ResourceType>
			<Model>hb_med_town2.fxsxml</Model>
			<TerrainContour>1</TerrainContour>
			<Tech></Tech>
		</Row>
		<Row>
			<Era>Industrial</Era>
			<State>Constructed</State>
			<Scale>0.6</Scale>
			<ImprovementType>ART_DEF_IMPROVEMENT_TRADING_POST_X</ImprovementType>
			<LayoutHandler>RANDOM</LayoutHandler>
			<ResourceType>ART_DEF_RESOURCE_ALL</ResourceType>
			<Model>med_town2.fxsxml</Model>
			<TerrainContour>1</TerrainContour>
			<Tech></Tech>
		</Row>
		<Row>
			<Era>Industrial</Era>
			<State>Pillaged</State>
			<Scale>0.6</Scale>
			<ImprovementType>ART_DEF_IMPROVEMENT_TRADING_POST_X</ImprovementType>
			<LayoutHandler>RANDOM</LayoutHandler>
			<ResourceType>ART_DEF_RESOURCE_ALL</ResourceType>
			<Model>pl_med_town2.fxsxml</Model>
			<TerrainContour>1</TerrainContour>
			<Tech></Tech>
		</Row>
		<Row>
			<Era>Ancient</Era>
			<State>UnderConstruction</State>
			<Scale>0.6</Scale>
			<ImprovementType>ART_DEF_IMPROVEMENT_TRADING_POST_X</ImprovementType>
			<LayoutHandler>RANDOM</LayoutHandler>
			<ResourceType>ART_DEF_RESOURCE_ALL</ResourceType>
			<Model>hb_med_town3.fxsxml</Model>
			<TerrainContour>1</TerrainContour>
			<Tech></Tech>
		</Row>
		<Row>
			<Era>Ancient</Era>
			<State>Constructed</State>
			<Scale>0.6</Scale>
			<ImprovementType>ART_DEF_IMPROVEMENT_TRADING_POST_X</ImprovementType>
			<LayoutHandler>RANDOM</LayoutHandler>
			<ResourceType>ART_DEF_RESOURCE_ALL</ResourceType>
			<Model>med_town3.fxsxml</Model>
			<TerrainContour>1</TerrainContour>
			<Tech></Tech>
		</Row>
		<Row>
			<Era>Ancient</Era>
			<State>Pillaged</State>
			<Scale>0.6</Scale>
			<ImprovementType>ART_DEF_IMPROVEMENT_TRADING_POST_X</ImprovementType>
			<LayoutHandler>RANDOM</LayoutHandler>
			<ResourceType>ART_DEF_RESOURCE_ALL</ResourceType>
			<Model>pl_med_town3.fxsxml</Model>
			<TerrainContour>1</TerrainContour>
			<Tech></Tech>
		</Row>
		<Row>
			<Era>Industrial</Era>
			<State>UnderConstruction</State>
			<Scale>0.6</Scale>
			<ImprovementType>ART_DEF_IMPROVEMENT_TRADING_POST_X</ImprovementType>
			<LayoutHandler>RANDOM</LayoutHandler>
			<ResourceType>ART_DEF_RESOURCE_ALL</ResourceType>
			<Model>hb_med_town3.fxsxml</Model>
			<TerrainContour>1</TerrainContour>
			<Tech></Tech>
		</Row>
		<Row>
			<Era>Industrial</Era>
			<State>Constructed</State>
			<Scale>0.6</Scale>
			<ImprovementType>ART_DEF_IMPROVEMENT_TRADING_POST_X</ImprovementType>
			<LayoutHandler>RANDOM</LayoutHandler>
			<ResourceType>ART_DEF_RESOURCE_ALL</ResourceType>
			<Model>med_town3.fxsxml</Model>
			<TerrainContour>1</TerrainContour>
			<Tech></Tech>
		</Row>
		<Row>
			<Era>Industrial</Era>
			<State>Pillaged</State>
			<Scale>0.6</Scale>
			<ImprovementType>ART_DEF_IMPROVEMENT_TRADING_POST_X</ImprovementType>
			<LayoutHandler>RANDOM</LayoutHandler>
			<ResourceType>ART_DEF_RESOURCE_ALL</ResourceType>
			<Model>pl_med_town3.fxsxml</Model>
			<TerrainContour>1</TerrainContour>
			<Tech></Tech>
		</Row>
		<Row>
			<Era>Ancient</Era>
			<State>UnderConstruction</State>
			<Scale>0.6</Scale>
			<ImprovementType>ART_DEF_IMPROVEMENT_TRADING_POST_X</ImprovementType>
			<LayoutHandler>RANDOM</LayoutHandler>
			<ResourceType>ART_DEF_RESOURCE_ALL</ResourceType>
			<Model>hb_med_town4.fxsxml</Model>
			<TerrainContour>1</TerrainContour>
			<Tech></Tech>
		</Row>
		<Row>
			<Era>Ancient</Era>
			<State>Constructed</State>
			<Scale>0.6</Scale>
			<ImprovementType>ART_DEF_IMPROVEMENT_TRADING_POST_X</ImprovementType>
			<LayoutHandler>RANDOM</LayoutHandler>
			<ResourceType>ART_DEF_RESOURCE_ALL</ResourceType>
			<Model>med_town4.fxsxml</Model>
			<TerrainContour>1</TerrainContour>
			<Tech></Tech>
		</Row>
		<Row>
			<Era>Ancient</Era>
			<State>Pillaged</State>
			<Scale>0.6</Scale>
			<ImprovementType>ART_DEF_IMPROVEMENT_TRADING_POST_X</ImprovementType>
			<LayoutHandler>RANDOM</LayoutHandler>
			<ResourceType>ART_DEF_RESOURCE_ALL</ResourceType>
			<Model>pl_med_town4.fxsxml</Model>
			<TerrainContour>1</TerrainContour>
			<Tech></Tech>
		</Row>
		<Row>
			<Era>Industrial</Era>
			<State>UnderConstruction</State>
			<Scale>0.6</Scale>
			<ImprovementType>ART_DEF_IMPROVEMENT_TRADING_POST_X</ImprovementType>
			<LayoutHandler>RANDOM</LayoutHandler>
			<ResourceType>ART_DEF_RESOURCE_ALL</ResourceType>
			<Model>hb_med_town4.fxsxml</Model>
			<TerrainContour>1</TerrainContour>
			<Tech></Tech>
		</Row>
		<Row>
			<Era>Industrial</Era>
			<State>Constructed</State>
			<Scale>0.6</Scale>
			<ImprovementType>ART_DEF_IMPROVEMENT_TRADING_POST_X</ImprovementType>
			<LayoutHandler>RANDOM</LayoutHandler>
			<ResourceType>ART_DEF_RESOURCE_ALL</ResourceType>
			<Model>med_town4.fxsxml</Model>
			<TerrainContour>1</TerrainContour>
			<Tech></Tech>
		</Row>
		<Row>
			<Era>Industrial</Era>
			<State>Pillaged</State>
			<Scale>0.6</Scale>
			<ImprovementType>ART_DEF_IMPROVEMENT_TRADING_POST_X</ImprovementType>
			<LayoutHandler>RANDOM</LayoutHandler>
			<ResourceType>ART_DEF_RESOURCE_ALL</ResourceType>
			<Model>pl_med_town4.fxsxml</Model>
			<TerrainContour>1</TerrainContour>
			<Tech></Tech>
		</Row>

		<!-- Trading Post Note: Default Scale is 1.0!-->
		<Update>
			<Where ImprovementType="ART_DEF_IMPROVEMENT_TRADING_POST1"/>
			<Set Scale="0.8"/>
		</Update>
		<Update>
			<Where ImprovementType="ART_DEF_IMPROVEMENT_TRADING_POST2"/>
			<Set Scale="0.8"/>
		</Update>
		<Update>
			<Where ImprovementType="ART_DEF_IMPROVEMENT_TRADING_POST3"/>
			<Set Scale="0.8"/>
		</Update>
		<Update>
			<Where ImprovementType="ART_DEF_IMPROVEMENT_TRADING_POST4"/>
			<Set Scale="0.8"/>
		</Update>
		
		<!-- Village -->
		<Row>
			<Era>Ancient</Era>
			<State>UnderConstruction</State>
			<Scale>0.7</Scale>
			<ImprovementType>ART_DEF_IMPROVEMENT_VILLAGE</ImprovementType>
			<LayoutHandler>RANDOM</LayoutHandler>
			<ResourceType>ART_DEF_RESOURCE_ALL</ResourceType>
			<Model>hb_mod_town1.fxsxml</Model>
			<TerrainContour>1</TerrainContour>
			<Tech></Tech>
		</Row>
		<Row>
			<Era>Ancient</Era>
			<State>Constructed</State>
			<Scale>0.7</Scale>
			<ImprovementType>ART_DEF_IMPROVEMENT_VILLAGE</ImprovementType>
			<LayoutHandler>RANDOM</LayoutHandler>
			<ResourceType>ART_DEF_RESOURCE_ALL</ResourceType>
			<Model>mod_town1.fxsxml</Model>
			<TerrainContour>1</TerrainContour>
			<Tech></Tech>
		</Row>
		<Row>
			<Era>Ancient</Era>
			<State>Pillaged</State>
			<Scale>0.7</Scale>
			<ImprovementType>ART_DEF_IMPROVEMENT_VILLAGE</ImprovementType>
			<LayoutHandler>RANDOM</LayoutHandler>
			<ResourceType>ART_DEF_RESOURCE_ALL</ResourceType>
			<Model>pl_mod_town1.fxsxml</Model>
			<TerrainContour>1</TerrainContour>
			<Tech></Tech>
		</Row>
		<Row>
			<Era>Industrial</Era>
			<State>UnderConstruction</State>
			<Scale>0.7</Scale>
			<ImprovementType>ART_DEF_IMPROVEMENT_VILLAGE</ImprovementType>
			<LayoutHandler>RANDOM</LayoutHandler>
			<ResourceType>ART_DEF_RESOURCE_ALL</ResourceType>
			<Model>hb_mod_town1.fxsxml</Model>
			<TerrainContour>1</TerrainContour>
			<Tech></Tech>
		</Row>
		<Row>
			<Era>Industrial</Era>
			<State>Constructed</State>
			<Scale>0.7</Scale>
			<ImprovementType>ART_DEF_IMPROVEMENT_VILLAGE</ImprovementType>
			<LayoutHandler>RANDOM</LayoutHandler>
			<ResourceType>ART_DEF_RESOURCE_ALL</ResourceType>
			<Model>mod_town1.fxsxml</Model>
			<TerrainContour>1</TerrainContour>
			<Tech></Tech>
		</Row>
		<Row>
			<Era>Industrial</Era>
			<State>Pillaged</State>
			<Scale>0.7</Scale>
			<ImprovementType>ART_DEF_IMPROVEMENT_VILLAGE</ImprovementType>
			<LayoutHandler>RANDOM</LayoutHandler>
			<ResourceType>ART_DEF_RESOURCE_ALL</ResourceType>
			<Model>pl_mod_town1.fxsxml</Model>
			<TerrainContour>1</TerrainContour>
			<Tech></Tech>
		</Row>
		<Row>
			<Era>Ancient</Era>
			<State>UnderConstruction</State>
			<Scale>0.7</Scale>
			<ImprovementType>ART_DEF_IMPROVEMENT_VILLAGE</ImprovementType>
			<LayoutHandler>RANDOM</LayoutHandler>
			<ResourceType>ART_DEF_RESOURCE_ALL</ResourceType>
			<Model>hb_mod_town2.fxsxml</Model>
			<TerrainContour>1</TerrainContour>
			<Tech></Tech>
		</Row>
		<Row>
			<Era>Ancient</Era>
			<State>Constructed</State>
			<Scale>0.7</Scale>
			<ImprovementType>ART_DEF_IMPROVEMENT_VILLAGE</ImprovementType>
			<LayoutHandler>RANDOM</LayoutHandler>
			<ResourceType>ART_DEF_RESOURCE_ALL</ResourceType>
			<Model>mod_town2.fxsxml</Model>
			<TerrainContour>1</TerrainContour>
			<Tech></Tech>
		</Row>
		<Row>
			<Era>Ancient</Era>
			<State>Pillaged</State>
			<Scale>0.7</Scale>
			<ImprovementType>ART_DEF_IMPROVEMENT_VILLAGE</ImprovementType>
			<LayoutHandler>RANDOM</LayoutHandler>
			<ResourceType>ART_DEF_RESOURCE_ALL</ResourceType>
			<Model>pl_mod_town2.fxsxml</Model>
			<TerrainContour>1</TerrainContour>
			<Tech></Tech>
		</Row>
		<Row>
			<Era>Industrial</Era>
			<State>UnderConstruction</State>
			<Scale>0.7</Scale>
			<ImprovementType>ART_DEF_IMPROVEMENT_VILLAGE</ImprovementType>
			<LayoutHandler>RANDOM</LayoutHandler>
			<ResourceType>ART_DEF_RESOURCE_ALL</ResourceType>
			<Model>hb_mod_town2.fxsxml</Model>
			<TerrainContour>1</TerrainContour>
			<Tech></Tech>
		</Row>
		<Row>
			<Era>Industrial</Era>
			<State>Constructed</State>
			<Scale>0.7</Scale>
			<ImprovementType>ART_DEF_IMPROVEMENT_VILLAGE</ImprovementType>
			<LayoutHandler>RANDOM</LayoutHandler>
			<ResourceType>ART_DEF_RESOURCE_ALL</ResourceType>
			<Model>mod_town2.fxsxml</Model>
			<TerrainContour>1</TerrainContour>
			<Tech></Tech>
		</Row>
		<Row>
			<Era>Industrial</Era>
			<State>Pillaged</State>
			<Scale>0.7</Scale>
			<ImprovementType>ART_DEF_IMPROVEMENT_VILLAGE</ImprovementType>
			<LayoutHandler>RANDOM</LayoutHandler>
			<ResourceType>ART_DEF_RESOURCE_ALL</ResourceType>
			<Model>pl_mod_town2.fxsxml</Model>
			<TerrainContour>1</TerrainContour>
			<Tech></Tech>
		</Row>
		<Row>
			<Era>Ancient</Era>
			<State>UnderConstruction</State>
			<Scale>0.7</Scale>
			<ImprovementType>ART_DEF_IMPROVEMENT_VILLAGE</ImprovementType>
			<LayoutHandler>RANDOM</LayoutHandler>
			<ResourceType>ART_DEF_RESOURCE_ALL</ResourceType>
			<Model>hb_mod_town3.fxsxml</Model>
			<TerrainContour>1</TerrainContour>
			<Tech></Tech>
		</Row>
		<Row>
			<Era>Ancient</Era>
			<State>Constructed</State>
			<Scale>0.7</Scale>
			<ImprovementType>ART_DEF_IMPROVEMENT_VILLAGE</ImprovementType>
			<LayoutHandler>RANDOM</LayoutHandler>
			<ResourceType>ART_DEF_RESOURCE_ALL</ResourceType>
			<Model>mod_town3.fxsxml</Model>
			<TerrainContour>1</TerrainContour>
			<Tech></Tech>
		</Row>
		<Row>
			<Era>Ancient</Era>
			<State>Pillaged</State>
			<Scale>0.7</Scale>
			<ImprovementType>ART_DEF_IMPROVEMENT_VILLAGE</ImprovementType>
			<LayoutHandler>RANDOM</LayoutHandler>
			<ResourceType>ART_DEF_RESOURCE_ALL</ResourceType>
			<Model>pl_mod_town3.fxsxml</Model>
			<TerrainContour>1</TerrainContour>
			<Tech></Tech>
		</Row>
		<Row>
			<Era>Industrial</Era>
			<State>UnderConstruction</State>
			<Scale>0.7</Scale>
			<ImprovementType>ART_DEF_IMPROVEMENT_VILLAGE</ImprovementType>
			<LayoutHandler>RANDOM</LayoutHandler>
			<ResourceType>ART_DEF_RESOURCE_ALL</ResourceType>
			<Model>hb_mod_town3.fxsxml</Model>
			<TerrainContour>1</TerrainContour>
			<Tech></Tech>
		</Row>
		<Row>
			<Era>Industrial</Era>
			<State>Constructed</State>
			<Scale>0.7</Scale>
			<ImprovementType>ART_DEF_IMPROVEMENT_VILLAGE</ImprovementType>
			<LayoutHandler>RANDOM</LayoutHandler>
			<ResourceType>ART_DEF_RESOURCE_ALL</ResourceType>
			<Model>mod_town3.fxsxml</Model>
			<TerrainContour>1</TerrainContour>
			<Tech></Tech>
		</Row>
		<Row>
			<Era>Industrial</Era>
			<State>Pillaged</State>
			<Scale>0.7</Scale>
			<ImprovementType>ART_DEF_IMPROVEMENT_VILLAGE</ImprovementType>
			<LayoutHandler>RANDOM</LayoutHandler>
			<ResourceType>ART_DEF_RESOURCE_ALL</ResourceType>
			<Model>pl_mod_town3.fxsxml</Model>
			<TerrainContour>1</TerrainContour>
			<Tech></Tech>
		</Row>
		<Row>
			<Era>Ancient</Era>
			<State>UnderConstruction</State>
			<Scale>0.7</Scale>
			<ImprovementType>ART_DEF_IMPROVEMENT_VILLAGE</ImprovementType>
			<LayoutHandler>RANDOM</LayoutHandler>
			<ResourceType>ART_DEF_RESOURCE_ALL</ResourceType>
			<Model>hb_mod_town4.fxsxml</Model>
			<TerrainContour>1</TerrainContour>
			<Tech></Tech>
		</Row>
		<Row>
			<Era>Ancient</Era>
			<State>Constructed</State>
			<Scale>0.7</Scale>
			<ImprovementType>ART_DEF_IMPROVEMENT_VILLAGE</ImprovementType>
			<LayoutHandler>RANDOM</LayoutHandler>
			<ResourceType>ART_DEF_RESOURCE_ALL</ResourceType>
			<Model>mod_town4.fxsxml</Model>
			<TerrainContour>1</TerrainContour>
			<Tech></Tech>
		</Row>
		<Row>
			<Era>Ancient</Era>
			<State>Pillaged</State>
			<Scale>0.7</Scale>
			<ImprovementType>ART_DEF_IMPROVEMENT_VILLAGE</ImprovementType>
			<LayoutHandler>RANDOM</LayoutHandler>
			<ResourceType>ART_DEF_RESOURCE_ALL</ResourceType>
			<Model>pl_mod_town4.fxsxml</Model>
			<TerrainContour>1</TerrainContour>
			<Tech></Tech>
		</Row>
		<Row>
			<Era>Industrial</Era>
			<State>UnderConstruction</State>
			<Scale>0.7</Scale>
			<ImprovementType>ART_DEF_IMPROVEMENT_VILLAGE</ImprovementType>
			<LayoutHandler>RANDOM</LayoutHandler>
			<ResourceType>ART_DEF_RESOURCE_ALL</ResourceType>
			<Model>hb_mod_town4.fxsxml</Model>
			<TerrainContour>1</TerrainContour>
			<Tech></Tech>
		</Row>
		<Row>
			<Era>Industrial</Era>
			<State>Constructed</State>
			<Scale>0.7</Scale>
			<ImprovementType>ART_DEF_IMPROVEMENT_VILLAGE</ImprovementType>
			<LayoutHandler>RANDOM</LayoutHandler>
			<ResourceType>ART_DEF_RESOURCE_ALL</ResourceType>
			<Model>mod_town4.fxsxml</Model>
			<TerrainContour>1</TerrainContour>
			<Tech></Tech>
		</Row>
		<Row>
			<Era>Industrial</Era>
			<State>Pillaged</State>
			<Scale>0.7</Scale>
			<ImprovementType>ART_DEF_IMPROVEMENT_VILLAGE</ImprovementType>
			<LayoutHandler>RANDOM</LayoutHandler>
			<ResourceType>ART_DEF_RESOURCE_ALL</ResourceType>
			<Model>pl_mod_town4.fxsxml</Model>
			<TerrainContour>1</TerrainContour>
			<Tech></Tech>
		</Row>
		
		<!-- Town -->
		<Row>
			<Era>Ancient</Era>
			<State>UnderConstruction</State>
			<Scale>0.9</Scale>
			<ImprovementType>ART_DEF_IMPROVEMENT_TOWN</ImprovementType>
			<LayoutHandler>RANDOM</LayoutHandler>
			<ResourceType>ART_DEF_RESOURCE_ALL</ResourceType>
			<Model>hb_mod_town1.fxsxml</Model>
			<TerrainContour>1</TerrainContour>
			<Tech></Tech>
		</Row>
		<Row>
			<Era>Ancient</Era>
			<State>Constructed</State>
			<Scale>0.9</Scale>
			<ImprovementType>ART_DEF_IMPROVEMENT_TOWN</ImprovementType>
			<LayoutHandler>RANDOM</LayoutHandler>
			<ResourceType>ART_DEF_RESOURCE_ALL</ResourceType>
			<Model>mod_town1.fxsxml</Model>
			<TerrainContour>1</TerrainContour>
			<Tech></Tech>
		</Row>
		<Row>
			<Era>Ancient</Era>
			<State>Pillaged</State>
			<Scale>0.9</Scale>
			<ImprovementType>ART_DEF_IMPROVEMENT_TOWN</ImprovementType>
			<LayoutHandler>RANDOM</LayoutHandler>
			<ResourceType>ART_DEF_RESOURCE_ALL</ResourceType>
			<Model>pl_mod_town1.fxsxml</Model>
			<TerrainContour>1</TerrainContour>
			<Tech></Tech>
		</Row>
		<Row>
			<Era>Industrial</Era>
			<State>UnderConstruction</State>
			<Scale>0.9</Scale>
			<ImprovementType>ART_DEF_IMPROVEMENT_TOWN</ImprovementType>
			<LayoutHandler>RANDOM</LayoutHandler>
			<ResourceType>ART_DEF_RESOURCE_ALL</ResourceType>
			<Model>hb_mod_town1.fxsxml</Model>
			<TerrainContour>1</TerrainContour>
			<Tech></Tech>
		</Row>
		<Row>
			<Era>Industrial</Era>
			<State>Constructed</State>
			<Scale>0.9</Scale>
			<ImprovementType>ART_DEF_IMPROVEMENT_TOWN</ImprovementType>
			<LayoutHandler>RANDOM</LayoutHandler>
			<ResourceType>ART_DEF_RESOURCE_ALL</ResourceType>
			<Model>mod_town1.fxsxml</Model>
			<TerrainContour>1</TerrainContour>
			<Tech></Tech>
		</Row>
		<Row>
			<Era>Industrial</Era>
			<State>Pillaged</State>
			<Scale>0.9</Scale>
			<ImprovementType>ART_DEF_IMPROVEMENT_TOWN</ImprovementType>
			<LayoutHandler>RANDOM</LayoutHandler>
			<ResourceType>ART_DEF_RESOURCE_ALL</ResourceType>
			<Model>pl_mod_town1.fxsxml</Model>
			<TerrainContour>1</TerrainContour>
			<Tech></Tech>
		</Row>
		<Row>
			<Era>Ancient</Era>
			<State>UnderConstruction</State>
			<Scale>0.9</Scale>
			<ImprovementType>ART_DEF_IMPROVEMENT_TOWN</ImprovementType>
			<LayoutHandler>RANDOM</LayoutHandler>
			<ResourceType>ART_DEF_RESOURCE_ALL</ResourceType>
			<Model>hb_mod_town2.fxsxml</Model>
			<TerrainContour>1</TerrainContour>
			<Tech></Tech>
		</Row>
		<Row>
			<Era>Ancient</Era>
			<State>Constructed</State>
			<Scale>0.9</Scale>
			<ImprovementType>ART_DEF_IMPROVEMENT_TOWN</ImprovementType>
			<LayoutHandler>RANDOM</LayoutHandler>
			<ResourceType>ART_DEF_RESOURCE_ALL</ResourceType>
			<Model>mod_town2.fxsxml</Model>
			<TerrainContour>1</TerrainContour>
			<Tech></Tech>
		</Row>
		<Row>
			<Era>Ancient</Era>
			<State>Pillaged</State>
			<Scale>0.9</Scale>
			<ImprovementType>ART_DEF_IMPROVEMENT_TOWN</ImprovementType>
			<LayoutHandler>RANDOM</LayoutHandler>
			<ResourceType>ART_DEF_RESOURCE_ALL</ResourceType>
			<Model>pl_mod_town2.fxsxml</Model>
			<TerrainContour>1</TerrainContour>
			<Tech></Tech>
		</Row>
		<Row>
			<Era>Industrial</Era>
			<State>UnderConstruction</State>
			<Scale>0.9</Scale>
			<ImprovementType>ART_DEF_IMPROVEMENT_TOWN</ImprovementType>
			<LayoutHandler>RANDOM</LayoutHandler>
			<ResourceType>ART_DEF_RESOURCE_ALL</ResourceType>
			<Model>hb_mod_town2.fxsxml</Model>
			<TerrainContour>1</TerrainContour>
			<Tech></Tech>
		</Row>
		<Row>
			<Era>Industrial</Era>
			<State>Constructed</State>
			<Scale>0.9</Scale>
			<ImprovementType>ART_DEF_IMPROVEMENT_TOWN</ImprovementType>
			<LayoutHandler>RANDOM</LayoutHandler>
			<ResourceType>ART_DEF_RESOURCE_ALL</ResourceType>
			<Model>mod_town2.fxsxml</Model>
			<TerrainContour>1</TerrainContour>
			<Tech></Tech>
		</Row>
		<Row>
			<Era>Industrial</Era>
			<State>Pillaged</State>
			<Scale>0.9</Scale>
			<ImprovementType>ART_DEF_IMPROVEMENT_TOWN</ImprovementType>
			<LayoutHandler>RANDOM</LayoutHandler>
			<ResourceType>ART_DEF_RESOURCE_ALL</ResourceType>
			<Model>pl_mod_town2.fxsxml</Model>
			<TerrainContour>1</TerrainContour>
			<Tech></Tech>
		</Row>
		<Row>
			<Era>Ancient</Era>
			<State>UnderConstruction</State>
			<Scale>0.9</Scale>
			<ImprovementType>ART_DEF_IMPROVEMENT_TOWN</ImprovementType>
			<LayoutHandler>RANDOM</LayoutHandler>
			<ResourceType>ART_DEF_RESOURCE_ALL</ResourceType>
			<Model>hb_mod_town3.fxsxml</Model>
			<TerrainContour>1</TerrainContour>
			<Tech></Tech>
		</Row>
		<Row>
			<Era>Ancient</Era>
			<State>Constructed</State>
			<Scale>0.9</Scale>
			<ImprovementType>ART_DEF_IMPROVEMENT_TOWN</ImprovementType>
			<LayoutHandler>RANDOM</LayoutHandler>
			<ResourceType>ART_DEF_RESOURCE_ALL</ResourceType>
			<Model>mod_town3.fxsxml</Model>
			<TerrainContour>1</TerrainContour>
			<Tech></Tech>
		</Row>
		<Row>
			<Era>Ancient</Era>
			<State>Pillaged</State>
			<Scale>0.9</Scale>
			<ImprovementType>ART_DEF_IMPROVEMENT_TOWN</ImprovementType>
			<LayoutHandler>RANDOM</LayoutHandler>
			<ResourceType>ART_DEF_RESOURCE_ALL</ResourceType>
			<Model>pl_mod_town3.fxsxml</Model>
			<TerrainContour>1</TerrainContour>
			<Tech></Tech>
		</Row>
		<Row>
			<Era>Industrial</Era>
			<State>UnderConstruction</State>
			<Scale>0.9</Scale>
			<ImprovementType>ART_DEF_IMPROVEMENT_TOWN</ImprovementType>
			<LayoutHandler>RANDOM</LayoutHandler>
			<ResourceType>ART_DEF_RESOURCE_ALL</ResourceType>
			<Model>hb_mod_town3.fxsxml</Model>
			<TerrainContour>1</TerrainContour>
			<Tech></Tech>
		</Row>
		<Row>
			<Era>Industrial</Era>
			<State>Constructed</State>
			<Scale>0.9</Scale>
			<ImprovementType>ART_DEF_IMPROVEMENT_TOWN</ImprovementType>
			<LayoutHandler>RANDOM</LayoutHandler>
			<ResourceType>ART_DEF_RESOURCE_ALL</ResourceType>
			<Model>mod_town3.fxsxml</Model>
			<TerrainContour>1</TerrainContour>
			<Tech></Tech>
		</Row>
		<Row>
			<Era>Industrial</Era>
			<State>Pillaged</State>
			<Scale>0.9</Scale>
			<ImprovementType>ART_DEF_IMPROVEMENT_TOWN</ImprovementType>
			<LayoutHandler>RANDOM</LayoutHandler>
			<ResourceType>ART_DEF_RESOURCE_ALL</ResourceType>
			<Model>pl_mod_town3.fxsxml</Model>
			<TerrainContour>1</TerrainContour>
			<Tech></Tech>
		</Row>
		<Row>
			<Era>Ancient</Era>
			<State>UnderConstruction</State>
			<Scale>0.9</Scale>
			<ImprovementType>ART_DEF_IMPROVEMENT_TOWN</ImprovementType>
			<LayoutHandler>RANDOM</LayoutHandler>
			<ResourceType>ART_DEF_RESOURCE_ALL</ResourceType>
			<Model>hb_mod_town4.fxsxml</Model>
			<TerrainContour>1</TerrainContour>
			<Tech></Tech>
		</Row>
		<Row>
			<Era>Ancient</Era>
			<State>Constructed</State>
			<Scale>0.9</Scale>
			<ImprovementType>ART_DEF_IMPROVEMENT_TOWN</ImprovementType>
			<LayoutHandler>RANDOM</LayoutHandler>
			<ResourceType>ART_DEF_RESOURCE_ALL</ResourceType>
			<Model>mod_town4.fxsxml</Model>
			<TerrainContour>1</TerrainContour>
			<Tech></Tech>
		</Row>
		<Row>
			<Era>Ancient</Era>
			<State>Pillaged</State>
			<Scale>0.9</Scale>
			<ImprovementType>ART_DEF_IMPROVEMENT_TOWN</ImprovementType>
			<LayoutHandler>RANDOM</LayoutHandler>
			<ResourceType>ART_DEF_RESOURCE_ALL</ResourceType>
			<Model>pl_mod_town4.fxsxml</Model>
			<TerrainContour>1</TerrainContour>
			<Tech></Tech>
		</Row>
		<Row>
			<Era>Industrial</Era>
			<State>UnderConstruction</State>
			<Scale>0.9</Scale>
			<ImprovementType>ART_DEF_IMPROVEMENT_TOWN</ImprovementType>
			<LayoutHandler>RANDOM</LayoutHandler>
			<ResourceType>ART_DEF_RESOURCE_ALL</ResourceType>
			<Model>hb_mod_town4.fxsxml</Model>
			<TerrainContour>1</TerrainContour>
			<Tech></Tech>
		</Row>
		<Row>
			<Era>Industrial</Era>
			<State>Constructed</State>
			<Scale>0.9</Scale>
			<ImprovementType>ART_DEF_IMPROVEMENT_TOWN</ImprovementType>
			<LayoutHandler>RANDOM</LayoutHandler>
			<ResourceType>ART_DEF_RESOURCE_ALL</ResourceType>
			<Model>mod_town4.fxsxml</Model>
			<TerrainContour>1</TerrainContour>
			<Tech></Tech>
		</Row>
		<Row>
			<Era>Industrial</Era>
			<State>Pillaged</State>
			<Scale>0.9</Scale>
			<ImprovementType>ART_DEF_IMPROVEMENT_TOWN</ImprovementType>
			<LayoutHandler>RANDOM</LayoutHandler>
			<ResourceType>ART_DEF_RESOURCE_ALL</ResourceType>
			<Model>pl_mod_town4.fxsxml</Model>
			<TerrainContour>1</TerrainContour>
			<Tech></Tech>
		</Row>
	</ArtDefine_Landmarks>

	<ArtDefine_StrategicView>
		<Row>
			<StrategicViewType>ART_DEF_IMPROVEMENT_TRADING_POST_X</StrategicViewType>
			<TileType>Improvement</TileType>
			<Asset>SV_TradingPost.dds</Asset>
		</Row>
		<Row>
			<StrategicViewType>ART_DEF_IMPROVEMENT_VILLAGE</StrategicViewType>
			<TileType>Improvement</TileType>
			<Asset>SV_TradingPost.dds</Asset>
		</Row>
		<Row>
			<StrategicViewType>ART_DEF_IMPROVEMENT_TOWN</StrategicViewType>
			<TileType>Improvement</TileType>
			<Asset>SV_TradingPost.dds</Asset>
		</Row>
	</ArtDefine_StrategicView>
</GameData>