<?xml version="1.0" encoding="utf-8"?>
<!-- Created by ModBuddy on 5/31/2014 1:39:01 AM -->
<GameData>
	<Traits>
		<Update>
			<Set CityUnhappinessModifier="-50"/>
		</Update>
		<Update>
			<Set PopulationUnhappinessModifier="-25"/>
		</Update>
		<Update>
			<Set CityUnhappinessModifier="50"/>
			<Where Type="TRAIT_POPULATION_GROWTH" />
		</Update>
		<Update>
			<Set PopulationUnhappinessModifier="-50"/>
			<Where Type="TRAIT_POPULATION_GROWTH" />
		</Update>
		<!--
		<Delete Type="TRAIT_POPULATION_GROWTH"/>
		
		<Row>
			<Type>TRAIT_POPULATION_GROWTH</Type>
			<Description>TXT_KEY_TRAIT_POPULATION_GROWTH</Description>
			<ShortDescription>TXT_KEY_TRAIT_POPULATION_GROWTH_SHORT</ShortDescription>
			<CityCultureBonus>20</CityCultureBonus>
		</Row>-->
	</Traits>
</GameData>