<?xml version="1.0" encoding="utf-8"?>
<!-- Created by ModBuddy on 12/07/17 1:35:50 PM -->
<GameData>
	<UnitClasses>
		<Row>
			<Type>UNITCLASS_EXOTIC_UNIT_SMAN_DREADNOUGHT</Type>
			<Description>TXT_KEY_UNIT_EXOTIC_UNIT_SMAN_DREADNOUGHT</Description>
			<DefaultUnit>NONE</DefaultUnit>-->			
			<!--<MaxPlayerInstances>3</MaxPlayerInstances>-->
		</Row>
	</UnitClasses>
	<Units>
		<Row>
			<Class>UNITCLASS_EXOTIC_UNIT_SMAN_DREADNOUGHT</Class>
			<Type>UNIT_EXOTIC_UNIT_SMAN_DREADNOUGHT</Type>
			<PrereqTech>TECH_RAILROAD</PrereqTech>
			<ObsoleteTech>TECH_ROCKETRY</ObsoleteTech>
			<Combat>45</Combat>
			<RangedCombat>50</RangedCombat>
			<Range>2</Range>
			<Moves>4</Moves>
			<Cost>350</Cost>			
			<!--<FaithCost>300</FaithCost>
			<RequiresFaithPurchaseEnabled>true</RequiresFaithPurchaseEnabled>-->
			<CombatClass>UNITCOMBAT_NAVALRANGED</CombatClass>
			<Domain>DOMAIN_SEA</Domain>
			<DefaultUnitAI>UNITAI_ASSAULT_SEA</DefaultUnitAI>
			<Description>TXT_KEY_UNIT_EXOTIC_UNIT_SMAN_DREADNOUGHT</Description>
			<Civilopedia>TXT_KEY_UNIT_EXOTIC_UNIT_SMAN_DREADNOUGHT_PEDIA</Civilopedia>
			<Strategy>TXT_KEY_UNIT_EXOTIC_UNIT_SMAN_DREADNOUGHT_STRATEGY</Strategy>
			<Help>TXT_KEY_UNIT_EXOTIC_UNIT_SMAN_DREADNOUGHT_HELP</Help>

			<IsMercUnit>true</IsMercUnit>
			<PurchaseOnly>true</PurchaseOnly>
			<MoveAfterPurchase>true</MoveAfterPurchase>
			<MilitarySupport>true</MilitarySupport>
			<MilitaryProduction>true</MilitaryProduction>
			<NoMaintenance>true</NoMaintenance>
			<Pillage>true</Pillage>

			<IgnoreBuildingDefense>true</IgnoreBuildingDefense>
			<Mechanized>true</Mechanized>			
			<AdvancedStartCost>10</AdvancedStartCost>
			<MinAreaSize>10</MinAreaSize>
			<XPValueAttack>3</XPValueAttack>
			<XPValueDefense>3</XPValueDefense>
			<UnitArtInfo>ART_DEF_UNIT_SMAN_DREADNOUGHT</UnitArtInfo>			
			<IconAtlas>SMAN_EXOTIC_UNIT_ATLAS</IconAtlas>
			<PortraitIndex>46</PortraitIndex>
			<UnitFlagAtlas>SMAN_EXOTIC_UNIT_FLAG_ATLAS</UnitFlagAtlas>
			<UnitFlagIconOffset>38</UnitFlagIconOffset>
			<MoveRate>BOAT</MoveRate>
		</Row>
	</Units>

	<Unit_BuildingClassRequireds>
		<Row>
			<UnitType>UNIT_EXOTIC_UNIT_SMAN_DREADNOUGHT</UnitType>
			<BuildingClassType>BUILDINGCLASS_SMAN_EU_SHIPYARD</BuildingClassType>
		</Row>
	</Unit_BuildingClassRequireds>

	<Unit_AITypes>
		<Row>
			<UnitType>UNIT_EXOTIC_UNIT_SMAN_DREADNOUGHT</UnitType>
			<UnitAIType>UNITAI_ASSAULT_SEA</UnitAIType>
		</Row>
		<Row>
			<UnitType>UNIT_EXOTIC_UNIT_SMAN_DREADNOUGHT</UnitType>
			<UnitAIType>UNITAI_RESERVE_SEA</UnitAIType>
		</Row>
		<Row>
			<UnitType>UNIT_EXOTIC_UNIT_SMAN_DREADNOUGHT</UnitType>
			<UnitAIType>UNITAI_ESCORT_SEA</UnitAIType>
		</Row>
	</Unit_AITypes>

	<Unit_Flavors>
		<Row>
			<UnitType>UNIT_EXOTIC_UNIT_SMAN_DREADNOUGHT</UnitType>
			<FlavorType>FLAVOR_NAVAL</FlavorType>
			<Flavor>25</Flavor>
		</Row>
	</Unit_Flavors>

	<Unit_FreePromotions>
		<Row>
			<UnitType>UNIT_EXOTIC_UNIT_SMAN_DREADNOUGHT</UnitType>
			<PromotionType>PROMOTION_INDIRECT_FIRE</PromotionType>
		</Row>
		<Row>
			<UnitType>UNIT_EXOTIC_UNIT_SMAN_DREADNOUGHT</UnitType>
			<PromotionType>PROMOTION_ONLY_DEFENSIVE</PromotionType>
		</Row>
	</Unit_FreePromotions>
	
	<UnitGameplay2DScripts>
		<Row>
			<UnitType>UNIT_EXOTIC_UNIT_SMAN_DREADNOUGHT</UnitType>
			<SelectionSound>AS2D_SELECT_BATTLESHIP</SelectionSound>
			<FirstSelectionSound>AS2D_BIRTH_BATTLESHIP</FirstSelectionSound>
		</Row>
	</UnitGameplay2DScripts>


	<Language_en_US>
		<Row Tag="TXT_KEY_UNIT_EXOTIC_UNIT_SMAN_DREADNOUGHT">
			<Text>Dreadnought</Text>
		</Row>
		<Row Tag="TXT_KEY_UNIT_EXOTIC_UNIT_SMAN_DREADNOUGHT_HELP">
			<Text>Powerful Modern Era Mercenary ranged naval unit. Price shown is how much it costs to hire this unit for 20 turns.</Text>
		</Row>
		<Row Tag="TXT_KEY_UNIT_EXOTIC_UNIT_SMAN_DREADNOUGHT_STRATEGY">
			<Text>
				Use the Dreadnought to blast your enemy's fleet to the bottom of the briny deep.
				[NEWLINE][NEWLINE]Although this unit requires an Industrial Era Building to construct, it also requires a Modern Era technology. This delays the appeance of this unit until the discovery of Railroad.
			</Text>
		</Row>
		<Row Tag="TXT_KEY_UNIT_EXOTIC_UNIT_SMAN_DREADNOUGHT_PEDIA">
			<Text>
				The Dreadnought is a Modern era Mercenary naval ranged unit, available upon the discovery of Railroad. The Shipyard is required for this unit to be built. The Dreadnought becomes obsolete upon the discovery of Rocketry.[NEWLINE][NEWLINE]
				The Dreadnought was the predominant type of battleship in the early 20th century. The first of its kind, the Royal Navy's Dreadnought, made such a strong impression on people's minds when launched in 1906 that similar battleships built subsequently were referred to generically as 'dreadnoughts,' and earlier battleships became known as 'pre-dreadnoughts.' Dreadnought's design had two revolutionary features: an 'all big gun' armament scheme, with more heavy-calibre guns than previous ships, and steam turbine propulsion. As dreadnoughts became a symbol of national power, the arrival of these new warships was a crucial catalyst in the intensifying naval arms race between the United Kingdom and Germany. With the launch of a single ship, Dreadnought, the scales of naval power were reset overnight. As a result, dreadnought races sprang up around the world, including in South America, during the lead up to World War I. Successive designs increased rapidly in size and made use of improvements in armament, armour, and propulsion throughout the dreadnought era. Within five years, new battleships had outclassed Dreadnought. These more powerful vessels were known as 'super-dreadnoughts.' Most of the original dreadnoughts were scrapped after the end of World War I under the terms of the Washington Naval Treaty, but many of the newer super-dreadnoughts continued to be used throughout World War II. The only surviving dreadnought is USS Texas, located near the San Jacinto Battleground State Historic Site.[NEWLINE][NEWLINE]Dreadnought building consumed vast resources in the early 20th century, but there was only one battle between large dreadnought fleets. In the 1916 Battle of Jutland, the British and German navies clashed with no decisive result. The term 'dreadnought' gradually dropped from use after World War I, especially after the Washington Naval Treaty, as virtually all remaining battleships shared dreadnought characteristics; the term can also be used to describe battlecruisers, the other type of ship resulting from the dreadnought revolution.
			</Text>
		</Row>
	</Language_en_US>	
  
</GameData>