<?xml version="1.0" encoding="UTF-8"?>
<GameData>

	<UnitClasses>
		<Row>
			<Type>UNITCLASS_SMAN_EU_RECON_JET</Type>
			<Description>TXT_KEY_UNIT_SMAN_EU_RECON_JET</Description>
			<DefaultUnit>UNIT_SMAN_EU_RECON_JET</DefaultUnit>
		</Row>
	</UnitClasses>
	
  <Units>
   	  <Row>
		  <Type>UNIT_SMAN_EU_RECON_JET</Type>
		  <Description>TXT_KEY_UNIT_SMAN_EU_RECON_JET</Description>
		  <CombatClass>UNITCOMBAT_FIGHTER</CombatClass>
		  <Domain>DOMAIN_AIR</Domain>
		  <Special>SPECIALUNIT_STEALTH</Special>
		  <Class>UNITCLASS_SMAN_EU_RECON_JET</Class>
		  <Cost>425</Cost>
		  <AdvancedStartCost>70</AdvancedStartCost>
		  <RangedCombat>20</RangedCombat>
		  <Range>25</Range>
		  <AirInterceptRange>5</AirInterceptRange>
		  <RangeAttackIgnoreLOS>true</RangeAttackIgnoreLOS>
		  <IgnoreBuildingDefense>true</IgnoreBuildingDefense>
		  <Moves>2</Moves>
		  <Immobile>true</Immobile>
		  <Strategy>TXT_KEY_UNIT_SMAN_EU_RECON_JET_STRATEGY</Strategy>
		  <Help>TXT_KEY_UNIT_SMAN_EU_RECON_JET_HELP</Help>
		  <Civilopedia>TXT_KEY_UNIT_SMAN_EU_RECON_JET_PEDIA</Civilopedia>
		  <PrereqTech>TECH_LASERS</PrereqTech>
		  <!--<ObsoleteTech>TECH_STEALTH</ObsoleteTech>-->
		  <MoveRate>AIR_REBASE</MoveRate>
		  <Mechanized>true</Mechanized>

		  <IsMercUnit>true</IsMercUnit>
		  <PurchaseOnly>true</PurchaseOnly>
		  <MoveAfterPurchase>true</MoveAfterPurchase>
		  <MilitarySupport>true</MilitarySupport>
		  <MilitaryProduction>true</MilitaryProduction>
		  <NoMaintenance>true</NoMaintenance>
		  <!--<Pillage>true</Pillage>-->

		  <UnitArtInfo>ART_DEF_UNIT_SMAN_EU_RECON_JET</UnitArtInfo>
		  <IconAtlas>SMAN_EXOTIC_UNIT_ATLAS</IconAtlas>
		  <PortraitIndex>51</PortraitIndex>
		  <UnitFlagAtlas>SMAN_EXOTIC_UNIT_FLAG_ATLAS</UnitFlagAtlas>
		  <UnitFlagIconOffset>43</UnitFlagIconOffset>
		  <RangedCombatLimit>75</RangedCombatLimit>
		  <DomainCargo>DOMAIN_AIR</DomainCargo>
		  <AirUnitCap>1</AirUnitCap>
		  <DefaultUnitAI>UNITAI_DEFENSE_AIR</DefaultUnitAI>
	  </Row>
  </Units>

	<Unit_BuildingClassRequireds>
		<Row>
			<UnitType>UNIT_SMAN_EU_RECON_JET</UnitType>
			<BuildingClassType>BUILDINGCLASS_SMAN_EU_CONTRACTING_AGENCY</BuildingClassType>
		</Row>
	</Unit_BuildingClassRequireds>	

	<Unit_AITypes>    
    <Row>
      <UnitType>UNIT_SMAN_EU_RECON_JET</UnitType>
      <UnitAIType>UNITAI_ATTACK_AIR</UnitAIType>
    </Row>
	  <Row>
		  <UnitType>UNIT_SMAN_EU_RECON_JET</UnitType>
		  <UnitAIType>UNITAI_DEFENSE_AIR</UnitAIType>
	  </Row>
  </Unit_AITypes>
  <Unit_Flavors>
    <Row>
      <UnitType>UNIT_SMAN_EU_RECON_JET</UnitType>
      <FlavorType>FLAVOR_AIR</FlavorType>
      <Flavor>25</Flavor>
    </Row>
    <Row>
      <UnitType>UNIT_SMAN_EU_RECON_JET</UnitType>
      <FlavorType>FLAVOR_ANTIAIR</FlavorType>
      <Flavor>1</Flavor>
    </Row>
    <Row>
      <UnitType>UNIT_SMAN_EU_RECON_JET</UnitType>
      <FlavorType>FLAVOR_RECON</FlavorType>
      <Flavor>50</Flavor>
    </Row>
	  <Row>
		  <UnitType>UNIT_SMAN_EU_RECON_JET</UnitType>
		  <FlavorType>FLAVOR_OFFENSE</FlavorType>
		  <Flavor>1</Flavor>
	  </Row>
	  <Row>
		  <UnitType>UNIT_SMAN_EU_RECON_JET</UnitType>
		  <FlavorType>FLAVOR_DEFENSE</FlavorType>
		  <Flavor>1</Flavor>
	  </Row>
	  
  </Unit_Flavors>
  
	<!--
	<Unit_ClassUpgrades>
    <Row>
      <UnitType>UNIT_SMAN_EU_RECON_JET</UnitType>
      <UnitClassType>UNITCLASS_MQ1</UnitClassType>
    </Row>
  </Unit_ClassUpgrades>
  -->
	
  <Unit_FreePromotions>
    <Row>
      <UnitType>UNIT_SMAN_EU_RECON_JET</UnitType>
      <PromotionType>PROMOTION_AIR_RECON</PromotionType>
    </Row>
	  <Row>
		  <UnitType>UNIT_SMAN_EU_RECON_JET</UnitType>
		  <PromotionType>PROMOTION_AIR_SWEEP</PromotionType>
	  </Row>
    <Row>
      <UnitType>UNIT_SMAN_EU_RECON_JET</UnitType>
      <PromotionType>PROMOTION_RIVAL_TERRITORY</PromotionType>
    </Row>
   	<Row>
      <UnitType>UNIT_SMAN_EU_RECON_JET</UnitType>
      <PromotionType>PROMOTION_EXTRA_SIGHT_I</PromotionType>
    </Row>
    <Row>
      <UnitType>UNIT_SMAN_EU_RECON_JET</UnitType>
      <PromotionType>PROMOTION_EXTRA_SIGHT_II</PromotionType>
    </Row>
    <Row>
      <UnitType>UNIT_SMAN_EU_RECON_JET</UnitType>
      <PromotionType>PROMOTION_EXTRA_SIGHT_III</PromotionType>
    </Row>
    <Row>
      <UnitType>UNIT_SMAN_EU_RECON_JET</UnitType>
      <PromotionType>PROMOTION_EXTRA_SIGHT_IV</PromotionType>
    </Row>
  </Unit_FreePromotions>
  
	
	<!--			Art Defines				-->
  
	<ArtDefine_UnitInfos>
    <Row>
      <Type>ART_DEF_UNIT_SMAN_EU_RECON_JET</Type>
      <DamageStates>1</DamageStates>
      <Formation>BomberWing</Formation>
    </Row>
  </ArtDefine_UnitInfos>
  <ArtDefine_UnitInfoMemberInfos>
    <Row>
      <UnitInfoType>ART_DEF_UNIT_SMAN_EU_RECON_JET</UnitInfoType>
      <UnitMemberInfoType>ART_DEF_UNIT_MEMBER_SMAN_EU_RECON_JET</UnitMemberInfoType>
      <NumMembers>1</NumMembers>
    </Row>
  </ArtDefine_UnitInfoMemberInfos>
	<ArtDefine_UnitMemberInfos>
		<Row>
			<Type>ART_DEF_UNIT_MEMBER_SMAN_EU_RECON_JET</Type>
			<Scale>.09</Scale>
			<Domain>Air</Domain>
			<Model>SMAN_EU_ReconJet.fxsxml</Model>
			<MaterialTypeTag>METAL</MaterialTypeTag>
			<MaterialTypeSoundOverrideTag>METALLRG</MaterialTypeSoundOverrideTag>
		</Row>
	</ArtDefine_UnitMemberInfos>
	<ArtDefine_UnitMemberCombats>
		<Row>
			<UnitMemberType>ART_DEF_UNIT_MEMBER_SMAN_EU_RECON_JET</UnitMemberType>
			<EnableActions>Idle Attack Bombard Death Run</EnableActions>
			<AttackRadius>135.0</AttackRadius>
			<MoveRate>5.5</MoveRate>
			<TurnRateMin>0.25</TurnRateMin>
			<TurnRateMax>0.5</TurnRateMax>
			<HasRefaceAfterCombat>0</HasRefaceAfterCombat>
		</Row>
	</ArtDefine_UnitMemberCombats>
	<ArtDefine_UnitMemberCombatWeapons>
		<Row>
			<UnitMemberType>ART_DEF_UNIT_MEMBER_SMAN_EU_RECON_JET</UnitMemberType>
			<Index>0</Index>
			<SubIndex>0</SubIndex>
			<ProjectileSpeed>3.0</ProjectileSpeed>
			<HitEffect>ART_DEF_VEFFECT_FIGHTER_MACHINE_GUN_HIT_$(TERRAIN)</HitEffect>
			<HitRadius>15.0</HitRadius>
			<WeaponTypeTag>BULLETHC</WeaponTypeTag>
			<WeaponTypeSoundOverrideTag>BULLETHC</WeaponTypeSoundOverrideTag>
		</Row>
		<Row>
			<UnitMemberType>ART_DEF_UNIT_MEMBER_SMAN_EU_RECON_JET</UnitMemberType>
			<Index>1</Index>
			<SubIndex>0</SubIndex>
			<VisKillStrengthMin>1.0</VisKillStrengthMin>
			<VisKillStrengthMax>1.0</VisKillStrengthMax>
			<HitEffect>ART_DEF_VEFFECT_FIGHTER_MACHINE_GUN_HIT_$(TERRAIN)</HitEffect>
			<HitRadius>15.0</HitRadius>
			<WeaponTypeTag>BULLETHC</WeaponTypeTag>
			<WeaponTypeSoundOverrideTag>BULLETHC</WeaponTypeSoundOverrideTag>
		</Row>
		<Row>
			<UnitMemberType>ART_DEF_UNIT_MEMBER_SMAN_EU_RECON_JET</UnitMemberType>
			<Index>1</Index>
			<SubIndex>1</SubIndex>
			<ID>PROJECTILE</ID>
			<VisKillStrengthMin>25.0</VisKillStrengthMin>
			<VisKillStrengthMax>50.0</VisKillStrengthMax>
			<ProjectileSpeed>3.0</ProjectileSpeed>
			<WeaponTypeTag>EXPLOSIVE</WeaponTypeTag>
			<WeaponTypeSoundOverrideTag>EXPLOSION200POUND</WeaponTypeSoundOverrideTag>
		</Row>
	</ArtDefine_UnitMemberCombatWeapons>

	<UnitGameplay2DScripts>
		<Row>
			<UnitType>UNIT_SMAN_EU_RECON_JET</UnitType>
			<SelectionSound>AS2D_SELECT_STEALTH_BOMBER</SelectionSound>
			<FirstSelectionSound>AS2D_BIRTH_STEALTH_BOMBER</FirstSelectionSound>
		</Row>
	</UnitGameplay2DScripts>

	<ArtDefine_StrategicView>
		<Row>
			<StrategicViewType>UNIT_SMAN_EU_RECON_JET</StrategicViewType>
			<TileType>Unit</TileType>
			<Asset>SV_Bomber.dds</Asset>
		</Row>
	</ArtDefine_StrategicView>



	<Language_en_US>
    <Row Tag="TXT_KEY_UNIT_SMAN_EU_RECON_JET">
      <Text>Reconnaissance Jet</Text>
    </Row>
    <Row Tag="TXT_KEY_UNIT_SMAN_EU_RECON_JET_STRATEGY">
      <Text>The Reconnaissance Jet is a long-range Mercenary recon unit with limited intercept capabilities, having a range of 25 tiles.</Text>
    </Row>
    <Row Tag="TXT_KEY_UNIT_SMAN_EU_RECON_JET_HELP">
      <Text>Air Unit designed to conduct deep reconnaissance of enemy territory. Use the AIR SWEEP ability to recon targeted areas.  Price shown is how much it costs to hire this unit for 20 turns.</Text>
    </Row>
    <Row Tag="TXT_KEY_UNIT_SMAN_EU_RECON_JET_PEDIA">
      <Text>
		  The Reconnaissance Jet is an Information Era reconnaissance unit, available when the civilization discovers Lasers. The Contracting Agency is required for this unit to be built. The Reconnaissance Jet does not become obsolete.[NEWLINE][NEWLINE]
		  The Lockheed SR-71 'Blackbird' is a long-range, Mach 3+ strategic reconnaissance aircraft that was operated by the United States Air Force. It was developed as a black project from the Lockheed A-12 reconnaissance aircraft in the 1960s by Lockheed and its Skunk Works division. Renowned American aerospace engineer Clarence 'Kelly' Johnson was responsible for many of the design's innovative concepts. During reconnaissance missions, the SR-71 operated at high speeds and altitudes to allow it to outrace threats. If a surface-to-air missile launch was detected, the standard evasive action was simply to accelerate and outfly the missile. The SR-71 was designed to have basic stealth characteristics and served as a precursor to future stealth aircraft.[NEWLINE]The SR-71 served with the U.S. Air Force from 1964 to 1998. A total of 32 aircraft were built; 12 were lost in accidents, but none lost to enemy action. The SR-71 has been given several nicknames, including Blackbird and Habu. Since 1976, it has held the world record for the fastest air-breathing manned aircraft, a record previously held by the YF-12</Text>
    </Row>
  </Language_en_US>
</GameData>

