<?xml version="1.0" encoding="utf-8"?>
<!-- Created by ModBuddy on 12/08/17 7:00:36 AM -->
<GameData>
	
	<UnitClasses>
		<Row>
			<Type>UNITCLASS_EXOTIC_UNIT_LAND_IRONCLAD</Type>
			<Description>TXT_KEY_UNIT_EXOTIC_UNIT_LAND_IRONCLAD</Description>
			<DefaultUnit>NONE</DefaultUnit>
			<!--<MaxPlayerInstances>3</MaxPlayerInstances>-->
		</Row>
	</UnitClasses>
	<Units>
		<Row>
			<Class>UNITCLASS_EXOTIC_UNIT_LAND_IRONCLAD</Class>
			<Type>UNIT_EXOTIC_UNIT_LAND_IRONCLAD</Type>
			<Combat>45</Combat>
			<Moves>3</Moves>
			<Cost>350</Cost>
			<!--<FaithCost>700</FaithCost>
			<RequiresFaithPurchaseEnabled>true</RequiresFaithPurchaseEnabled>-->
			<PrereqTech>TECH_STEAM_POWER</PrereqTech>
			<ObsoleteTech>TECH_COMBINED_ARMS</ObsoleteTech>
			<CombatClass>UNITCOMBAT_ARMOR</CombatClass>
			<Domain>DOMAIN_LAND</Domain>
			<DefaultUnitAI>UNITAI_FAST_ATTACK</DefaultUnitAI>
			<Description>TXT_KEY_UNIT_EXOTIC_UNIT_LAND_IRONCLAD</Description>
			<Civilopedia>TXT_KEY_UNIT_EXOTIC_UNIT_LAND_IRONCLAD_PEDIA</Civilopedia>
			<Strategy>TXT_KEY_UNIT_EXOTIC_UNIT_LAND_IRONCLAD_STRATEGY</Strategy>
			<Help>TXT_KEY_UNIT_EXOTIC_UNIT_LAND_IRONCLAD_HELP</Help>

			<IsMercUnit>true</IsMercUnit>
			<PurchaseOnly>true</PurchaseOnly>
			<!--<MoveAfterPurchase>true</MoveAfterPurchase>-->
			<MilitarySupport>true</MilitarySupport>
			<MilitaryProduction>true</MilitaryProduction>
			<NoMaintenance>true</NoMaintenance>
			<Pillage>true</Pillage>

			<AdvancedStartCost>10</AdvancedStartCost>
			<HurryCostModifier>10</HurryCostModifier>
			<MinAreaSize>-1</MinAreaSize>
			<XPValueAttack>3</XPValueAttack>
			<XPValueDefense>3</XPValueDefense>
			<UnitArtInfo>ART_DEF_UNIT_SMOKEY_LANDSHIP_LEVEL_1</UnitArtInfo>
			<IconAtlas>SMAN_EXOTIC_UNIT_ATLAS</IconAtlas>
			<PortraitIndex>37</PortraitIndex>
			<UnitFlagAtlas>SMAN_EXOTIC_UNIT_FLAG_ATLAS</UnitFlagAtlas>
			<UnitFlagIconOffset>29</UnitFlagIconOffset>
			<MoveRate>WHEELED</MoveRate>
		</Row>
	</Units>

	<Unit_BuildingClassRequireds>
		<Row>
			<UnitType>UNIT_EXOTIC_UNIT_LAND_IRONCLAD</UnitType>
			<BuildingClassType>BUILDINGCLASS_SMAN_EU_MERC_GUILD</BuildingClassType>
		</Row>
	</Unit_BuildingClassRequireds>

	<Unit_AITypes>
		<Row>
			<UnitType>UNIT_EXOTIC_UNIT_LAND_IRONCLAD</UnitType>
			<UnitAIType>UNITAI_FAST_ATTACK</UnitAIType>
		</Row>
		<Row>
			<UnitType>UNIT_EXOTIC_UNIT_LAND_IRONCLAD</UnitType>
			<UnitAIType>UNITAI_DEFENSE</UnitAIType>
		</Row>
	</Unit_AITypes>

	<Unit_Flavors>
		<Row>
			<UnitType>UNIT_EXOTIC_UNIT_LAND_IRONCLAD</UnitType>
			<FlavorType>FLAVOR_OFFENSE</FlavorType>
			<Flavor>7</Flavor>
		</Row>
		<Row>
			<UnitType>UNIT_EXOTIC_UNIT_LAND_IRONCLAD</UnitType>
			<FlavorType>FLAVOR_DEFENSE</FlavorType>
			<Flavor>7</Flavor>
		</Row>
		<Row>
			<UnitType>UNIT_EXOTIC_UNIT_LAND_IRONCLAD</UnitType>
			<FlavorType>FLAVOR_MOBILE</FlavorType>
			<Flavor>11</Flavor>
		</Row>
	</Unit_Flavors>

	<Unit_FreePromotions>
		<Row>
			<UnitType>UNIT_EXOTIC_UNIT_LAND_IRONCLAD</UnitType>
			<PromotionType>PROMOTION_NO_DEFENSIVE_BONUSES</PromotionType>
		</Row>
		<Row>
			<UnitType>UNIT_EXOTIC_UNIT_LAND_IRONCLAD</UnitType>
			<PromotionType>PROMOTION_CAN_MOVE_AFTER_ATTACKING</PromotionType>
		</Row>
	</Unit_FreePromotions>

	<UnitGameplay2DScripts>
		<Row>
			<UnitType>UNIT_EXOTIC_UNIT_LAND_IRONCLAD</UnitType>
			<SelectionSound>AS2D_SELECT_LONGSWORDSMAN</SelectionSound>
			<FirstSelectionSound>AS2D_BIRTH_LONGSWORDSMAN</FirstSelectionSound>
		</Row>
	</UnitGameplay2DScripts>


	<Language_en_US>
		<Row Tag="TXT_KEY_UNIT_EXOTIC_UNIT_LAND_IRONCLAD">
			<Text>Land Ironclad</Text>
		</Row>
		<Row Tag="TXT_KEY_UNIT_EXOTIC_UNIT_LAND_IRONCLAD_HELP">
			<Text>Industrial Mercenary armor unit. Price shown is how much it costs to hire this unit for 20 turns.</Text>
		</Row>
		<Row Tag="TXT_KEY_UNIT_EXOTIC_UNIT_LAND_IRONCLAD_STRATEGY">
			<Text>Use the Land Ironclad to scatter your enemies. They may move after attacking but receive no defensive bonus from terrain.</Text>
		</Row>
		<Row Tag="TXT_KEY_UNIT_EXOTIC_UNIT_LAND_IRONCLAD_PEDIA">
			<Text>
				The Land Ironclad is an Industrial era Mercenary armor unit, available upon the discovery of Steam Power. The Mercenary Guild is required for this unit to be built. The Land Ironclad becomes obsolete upon the discovery of Combined Arms.[NEWLINE][NEWLINE]
				'The Land Ironclads' is a short story by H.G. Wells that originally appeared in the December 1903 issue of the Strand Magazine. It features 'land ironclads,' 100-foot-long armored fighting vehicles that carry riflemen, engineers, and a captain, and are armed with remote-controlled, semi-automatic rifles. The term 'ironclad' was coined in the mid-19th century for steam-propelled warships protected by iron or steel armour plates. The land ironclads are described as 'essentially long, narrow, and very strong steel frameworks carrying the engines, and borne on eight pairs of big pedrail wheels, each about ten feet in diameter, each a driving wheel and set upon long axles free to swivel around a common axis. . . . the captain . . . had look-out points at small ports all round the upper edge of the adjustable skirt of twelve-inch ironplating which protected the whole affair, and . . . could also raise or depress a conning-tower set above the port-holes through the center of the iron top cover.' Riflemen are installed in cabins 'slung along the sides of and behind and before the great main framework,' and operate mechanically targeting, semi-automatic rifles.[NEWLINE][NEWLINE]The story contributed to Wells's reputation as a 'prophet of the future' when tanks first appeared on the battlefield in 1916. For contemporaries, Wells's rather sketchy battle between countrymen 'defenders,' who rely on cavalry and entrenched infantry, and attacking townsmen carried echoes of the Boer War, as well as of his 1898 novel The War of the Worlds, which also featured a struggle between technologically uneven protagonists.
			</Text>
		</Row>
	</Language_en_US>

</GameData>