<?xml version="1.0" encoding="utf-8"?>
<!-- Created by ModBuddy on 12/07/17 1:35:50 PM -->
<GameData>
	<UnitClasses>
		<Row>
			<Type>UNITCLASS_EXOTIC_UNIT_SMAN_PATROL_BOAT</Type>
			<Description>TXT_KEY_UNIT_EXOTIC_UNIT_SMAN_PATROL_BOAT</Description>
			<DefaultUnit>NONE</DefaultUnit>-->			
			<!--<MaxPlayerInstances>3</MaxPlayerInstances>-->
		</Row>
	</UnitClasses>
	<Units>
		<Row>
			<Class>UNITCLASS_EXOTIC_UNIT_SMAN_PATROL_BOAT</Class>
			<Type>UNIT_EXOTIC_UNIT_SMAN_PATROL_BOAT</Type>
			<PrereqTech>TECH_PENICILIN</PrereqTech>
			<ObsoleteTech>TECH_ADVANCED_BALLISTICS</ObsoleteTech>
			<Combat>25</Combat>
			<RangedCombat>30</RangedCombat>
			<Range>2</Range>
			<Moves>5</Moves>
			<Cost>175</Cost>			
			<!--<FaithCost>300</FaithCost>
			<RequiresFaithPurchaseEnabled>true</RequiresFaithPurchaseEnabled>-->
			<CombatClass>UNITCOMBAT_NAVALRANGED</CombatClass>
			<Domain>DOMAIN_SEA</Domain>
			<DefaultUnitAI>UNITAI_ASSAULT_SEA</DefaultUnitAI>
			<Description>TXT_KEY_UNIT_EXOTIC_UNIT_SMAN_PATROL_BOAT</Description>
			<Civilopedia>TXT_KEY_UNIT_EXOTIC_UNIT_SMAN_PATROL_BOAT_PEDIA</Civilopedia>
			<Strategy>TXT_KEY_UNIT_EXOTIC_UNIT_SMAN_PATROL_BOAT_STRATEGY</Strategy>
			<Help>TXT_KEY_UNIT_EXOTIC_UNIT_SMAN_PATROL_BOAT_HELP</Help>

			<IsMercUnit>true</IsMercUnit>
			<PurchaseOnly>true</PurchaseOnly>
			<MoveAfterPurchase>true</MoveAfterPurchase>
			<MilitarySupport>true</MilitarySupport>
			<MilitaryProduction>true</MilitaryProduction>
			<NoMaintenance>true</NoMaintenance>
			<Pillage>true</Pillage>

			<!--<IgnoreBuildingDefense>true</IgnoreBuildingDefense>-->
			<Mechanized>true</Mechanized>			
			<AdvancedStartCost>10</AdvancedStartCost>
			<MinAreaSize>10</MinAreaSize>
			<XPValueAttack>3</XPValueAttack>
			<XPValueDefense>3</XPValueDefense>
			<UnitArtInfo>ART_DEF_UNIT_SMAN_PATROL_BOAT</UnitArtInfo>			
			<IconAtlas>SMAN_EXOTIC_UNIT_ATLAS</IconAtlas>
			<PortraitIndex>53</PortraitIndex>
			<UnitFlagAtlas>SMAN_EXOTIC_UNIT_FLAG_ATLAS</UnitFlagAtlas>
			<UnitFlagIconOffset>45</UnitFlagIconOffset>
			<MoveRate>BOAT</MoveRate>
		</Row>
	</Units>

	<Unit_BuildingClassRequireds>
		<Row>
			<UnitType>UNIT_EXOTIC_UNIT_SMAN_PATROL_BOAT</UnitType>
			<BuildingClassType>BUILDINGCLASS_SMAN_EU_NAVAL_YARD</BuildingClassType>
		</Row>
	</Unit_BuildingClassRequireds>

	<Unit_AITypes>
		<Row>
			<UnitType>UNIT_EXOTIC_UNIT_SMAN_PATROL_BOAT</UnitType>
			<UnitAIType>UNITAI_ASSAULT_SEA</UnitAIType>
		</Row>
		<Row>
			<UnitType>UNIT_EXOTIC_UNIT_SMAN_PATROL_BOAT</UnitType>
			<UnitAIType>UNITAI_RESERVE_SEA</UnitAIType>
		</Row>
		<Row>
			<UnitType>UNIT_EXOTIC_UNIT_SMAN_PATROL_BOAT</UnitType>
			<UnitAIType>UNITAI_ESCORT_SEA</UnitAIType>
		</Row>
	</Unit_AITypes>

	<Unit_Flavors>
		<Row>
			<UnitType>UNIT_EXOTIC_UNIT_SMAN_PATROL_BOAT</UnitType>
			<FlavorType>FLAVOR_NAVAL</FlavorType>
			<Flavor>25</Flavor>
		</Row>
	</Unit_Flavors>

	<Unit_FreePromotions>
		<!--<Row>
			<UnitType>UNIT_EXOTIC_UNIT_SMAN_PATROL_BOAT</UnitType>
			<PromotionType>PROMOTION_INDIRECT_FIRE</PromotionType>
		</Row>-->
		<Row>
			<UnitType>UNIT_EXOTIC_UNIT_SMAN_PATROL_BOAT</UnitType>
			<PromotionType>PROMOTION_ONLY_DEFENSIVE</PromotionType>
		</Row>
	</Unit_FreePromotions>
	
	<UnitGameplay2DScripts>
		<Row>
			<UnitType>UNIT_EXOTIC_UNIT_SMAN_PATROL_BOAT</UnitType>
			<SelectionSound>AS2D_SELECT_BATTLESHIP</SelectionSound>
			<FirstSelectionSound>AS2D_BIRTH_BATTLESHIP</FirstSelectionSound>
		</Row>
	</UnitGameplay2DScripts>


	<Language_en_US>
		<Row Tag="TXT_KEY_UNIT_EXOTIC_UNIT_SMAN_PATROL_BOAT">
			<Text>Patrol Boat</Text>
		</Row>
		<Row Tag="TXT_KEY_UNIT_EXOTIC_UNIT_SMAN_PATROL_BOAT_HELP">
			<Text>Fast, Atomic Era Mercenary ranged naval unit. Price shown is how much it costs to hire this unit for 20 turns.</Text>
		</Row>
		<Row Tag="TXT_KEY_UNIT_EXOTIC_UNIT_SMAN_PATROL_BOAT_STRATEGY">
			<Text>
				Use the Patrol Boat to quickly engage your enemy's fleet.				
			</Text>
		</Row>
		<Row Tag="TXT_KEY_UNIT_EXOTIC_UNIT_SMAN_PATROL_BOAT_PEDIA">
			<Text>
				The Patrol Boat is an Atomic era Mercenary naval ranged unit, available upon the discovery of Penicillin. The Naval Yard is required for this unit to be built. The Patrol Boat becomes obsolete upon the discovery of Advanced Ballistics.[NEWLINE][NEWLINE]
				A patrol boat is a relatively small naval vessel generally designed for coastal defense duties. There have been many designs for patrol boats. They may be operated by a nation's navy, coast guard, police force or customs and may be intended for marine, blue water, or estuarine or river , brown water, environments. They are commonly found engaged in various border protection roles, including anti-smuggling, anti-piracy, fisheries patrols, and immigration law enforcement. They are also often called upon to participate in rescue operations. Vessels of this type include the original yacht, from Dutch or Low German jacht meaning hunting or hunt, a light, fast-sailing vessel used by the Dutch navy to pursue pirates and other transgressors around and into shallow waters.[NEWLINE][NEWLINE]During both World Wars in order to rapidly build up numbers, all sides created auxiliary patrol boats by arming motorboats and seagoing fishing trawlers with machine guns and obsolescent naval weapons. Some modern patrol vessels are still based on fishing and leisure boats. Seagoing patrol boats are typically around 100 feet in length and usually carry a single medium caliber artillery gun as main armament, and a variety of lighter secondary armament such as machine guns or a close-in weapon system. Depending on role, vessels in this class may also have more sophisticated sensors and fire control systems that would enable them to carry torpedoes, anti-ship and surface-to-air missiles.[NEWLINE][NEWLINE]Their small size and relatively low cost make them one of the most common type of warship in the world. Almost all navies operate at least a few offshore patrol vessels, especially those with only "green water" capabilities. They are useful in smaller seas such as the North Sea as well as in open oceans. Similar vessels for exclusively military duties include torpedo boats and missile boats. The United States Navy operated the Pegasus class of armed hydrofoils for years, in a patrol boat role. The River Patrol Boat, PBR, sometimes called 'Riverine' and 'Pibber,' is a U.S. design of small patrol boat type designed to patrol waters of large rivers.
			</Text>
		</Row>
	</Language_en_US>	
  
</GameData>