<?xml version="1.0" encoding="utf-8"?>
<!-- Created by ModBuddy on 12/07/17 1:35:50 PM -->
<GameData>
	<UnitClasses>
		<Row>
			<Type>UNITCLASS_EXOTIC_UNIT_THALAI_THIRVAI</Type>
			<Description>TXT_KEY_UNIT_EXOTIC_UNIT_THALAI_THIRVAI</Description>
			<DefaultUnit>NONE</DefaultUnit>-->			
			<!--<MaxPlayerInstances>3</MaxPlayerInstances>-->
		</Row>
	</UnitClasses>
	<Units>
		<Row>
			<Class>UNITCLASS_EXOTIC_UNIT_THALAI_THIRVAI</Class>
			<Type>UNIT_EXOTIC_UNIT_THALAI_THIRVAI</Type>
			<PrereqTech>TECH_COMPASS</PrereqTech>
			<ObsoleteTech>TECH_NAVIGATION</ObsoleteTech>
			<Combat>10</Combat>
			<RangedCombat>12</RangedCombat>
			<Range>3</Range>
			<Moves>5</Moves>
			<Cost>56</Cost>			
			<!--<FaithCost>200</FaithCost>
			<RequiresFaithPurchaseEnabled>true</RequiresFaithPurchaseEnabled>-->
			<Special>SPECIALUNIT_PEOPLE</Special>
			<CombatClass>UNITCOMBAT_NAVALMELEE</CombatClass>
			<Domain>DOMAIN_SEA</Domain>
			<DefaultUnitAI>UNITAI_ADMIRAL</DefaultUnitAI>
			<Description>TXT_KEY_UNIT_EXOTIC_UNIT_THALAI_THIRVAI</Description>
			<Civilopedia>TXT_KEY_UNIT_EXOTIC_UNIT_THALAI_THIRVAI_PEDIA</Civilopedia>
			<Strategy>TXT_KEY_UNIT_EXOTIC_UNIT_THALAI_THIRVAI_STRATEGY</Strategy>
			<Help>TXT_KEY_UNIT_EXOTIC_UNIT_THALAI_THIRVAI_HELP</Help>

			<IsMercUnit>true</IsMercUnit>
			<PurchaseOnly>true</PurchaseOnly>
			<MoveAfterPurchase>true</MoveAfterPurchase>
			<MilitarySupport>true</MilitarySupport>
			<MilitaryProduction>true</MilitaryProduction>
			<NoMaintenance>true</NoMaintenance>
			<Pillage>true</Pillage>
			
			<Mechanized>true</Mechanized>			
			<AdvancedStartCost>10</AdvancedStartCost>
			<MinAreaSize>10</MinAreaSize>
			<XPValueAttack>3</XPValueAttack>
			<XPValueDefense>3</XPValueDefense>
			<UnitArtInfo>ART_DEF_UNIT_SMAN_EU_THIRVAI</UnitArtInfo>			
			<IconAtlas>SMAN_EXOTIC_UNIT_ATLAS</IconAtlas>
			<PortraitIndex>32</PortraitIndex>
			<UnitFlagAtlas>SMAN_EXOTIC_UNIT_FLAG_ATLAS</UnitFlagAtlas>
			<UnitFlagIconOffset>24</UnitFlagIconOffset>
			<MoveRate>WOODEN_BOAT</MoveRate>
		</Row>
	</Units>

	<Unit_BuildingClassRequireds>
		<Row>
			<UnitType>UNIT_EXOTIC_UNIT_THALAI_THIRVAI</UnitType>
			<BuildingClassType>BUILDINGCLASS_HARBOR</BuildingClassType>
		</Row>
	</Unit_BuildingClassRequireds>

	<Unit_AITypes>
		<Row>
			<UnitType>UNIT_EXOTIC_UNIT_THALAI_THIRVAI</UnitType>
			<UnitAIType>UNITAI_ADMIRAL</UnitAIType>
		</Row>
	</Unit_AITypes>

	<Unit_Flavors>
		<Row>
			<UnitType>UNIT_EXOTIC_UNIT_THALAI_THIRVAI</UnitType>
			<FlavorType>FLAVOR_GOLD</FlavorType>
			<Flavor>1</Flavor>
		</Row>
	</Unit_Flavors>

	<Unit_FreePromotions>
		<Row>
			<UnitType>UNIT_EXOTIC_UNIT_THALAI_THIRVAI</UnitType>
			<PromotionType>PROMOTION_GREAT_ADMIRAL</PromotionType>
		</Row>
		<Row>
			<UnitType>UNIT_EXOTIC_UNIT_THALAI_THIRVAI</UnitType>
			<PromotionType>PROMOTION_SUPPLY</PromotionType>
		</Row>
		<Row>
			<UnitType>UNIT_EXOTIC_UNIT_THALAI_THIRVAI</UnitType>
			<PromotionType>PROMOTION_LOGISTICS</PromotionType>
		</Row>
		<Row>
			<UnitType>UNIT_EXOTIC_UNIT_THALAI_THIRVAI</UnitType>
			<PromotionType>PROMOTION_ONLY_DEFENSIVE</PromotionType>
		</Row>	
	</Unit_FreePromotions>
	
	<UnitGameplay2DScripts>
		<Row>
			<UnitType>UNIT_EXOTIC_UNIT_THALAI_THIRVAI</UnitType>
			<SelectionSound>AS2D_SELECT_CARAVEL</SelectionSound>
			<FirstSelectionSound>AS2D_BIRTH_CARAVEL</FirstSelectionSound>
		</Row>
	</UnitGameplay2DScripts>


	<Language_en_US>
		<Row Tag="TXT_KEY_UNIT_EXOTIC_UNIT_THALAI_THIRVAI">
			<Text>Thalai Thirvai</Text>
		</Row>
		<Row Tag="TXT_KEY_UNIT_EXOTIC_UNIT_THALAI_THIRVAI_HELP">
			<Text>Fast Medieval Mercenary ranged naval unit. Price shown is how much it costs to hire this unit for 20 turns.</Text>
		</Row>
		<Row Tag="TXT_KEY_UNIT_EXOTIC_UNIT_THALAI_THIRVAI_STRATEGY">
			<Text>
				Use the Thalai Thirvai to lead your ships against your enemies on the high seas. It receives the Great Admiral, Logistics, and Supply promotions when hired. This means it provides +15% Combat bonus to all Ships within 2 tiles, 1 additional attack per turn, and allows the unit to heal 15 HP damage per turn even when outside of Friendly Territory.		
			</Text>
		</Row>
		<Row Tag="TXT_KEY_UNIT_EXOTIC_UNIT_THALAI_THIRVAI_PEDIA">
			<Text>
				The Thalai Thirvai is a Medieval era Mercenary ranged naval unit, available upon the discovery of Astronomy. The Harbor is required for this unit to be built. The Thalai Thirvai becomes obsolete upon the discovery of Steam Power.[NEWLINE][NEWLINE]
				Admirals of the Chola Navy held many ranks within its highly organized administration. One of the most important offices was the Thalai, or head, and Thirvai, or duty, the overseer of the customs department which was mainly responsible for trade and tariffs. This unit of Chola bureaucracy employed only the best merchants and professional economists of the empire, tasked with calculating duties and other financial obligations of trade partners. They also assessed the prices of commodities, depending on seasons and trade route length. Other arms of Chola customs force included intelligence corps, armed naval vessels tasked with police duties, a coast guard and even privateer squads.
			</Text>
		</Row>
	</Language_en_US>	
  
</GameData>