<?xml version="1.0" encoding="utf-8"?>
<!-- Created by ModBuddy on 12/05/17 5:24:12 AM -->
<GameData>

	<UnitClasses>
		<Row>
			<Type>UNITCLASS_SMAN_EU_SIEGE_ELEPHANT</Type>
			<Description>TXT_KEY_UNIT_SMAN_EU_SIEGE_ELEPHANT</Description>
			<DefaultUnit>NONE</DefaultUnit>
			<!--<MaxPlayerInstances>2</MaxPlayerInstances>-->
		</Row>
	</UnitClasses>

	<Units>
		<Row>
			<Class>UNITCLASS_SMAN_EU_SIEGE_ELEPHANT</Class>
			<Type>UNIT_SMAN_EU_SIEGE_ELEPHANT</Type>
			<Combat>10</Combat>
			<RangedCombat>14</RangedCombat>
			<Range>2</Range>
			<Cost>120</Cost>
			<FaithCost>240</FaithCost>
			<RequiresFaithPurchaseEnabled>true</RequiresFaithPurchaseEnabled>
			<Moves>2</Moves>
			<BaseSightRange>2</BaseSightRange>
			<PrereqTech>TECH_ENGINEERING</PrereqTech>
			<ObsoleteTech>TECH_CHEMISTRY</ObsoleteTech>
			<CombatClass>UNITCOMBAT_SIEGE</CombatClass>
			<Domain>DOMAIN_LAND</Domain>
			<DefaultUnitAI>UNITAI_CITY_BOMBARD</DefaultUnitAI>
			<Description>TXT_KEY_UNIT_SMAN_EU_SIEGE_ELEPHANT</Description>
			<Help>TXT_KEY_UNIT_SMAN_EU_SIEGE_ELEPHANT_HELP</Help>
			<Strategy>TXT_KEY_UNIT_SMAN_EU_SIEGE_ELEPHANT_STRATEGY</Strategy>
			<Civilopedia>TXT_KEY_UNIT_SMAN_EU_SIEGE_ELEPHANT_PEDIA</Civilopedia>
			<MilitarySupport>true</MilitarySupport>
			<MilitaryProduction>true</MilitaryProduction>
			<Pillage>true</Pillage>
			<HurryCostModifier>25</HurryCostModifier>
			<AdvancedStartCost>25</AdvancedStartCost>
			<XPValueAttack>3</XPValueAttack>
			<XPValueDefense>3</XPValueDefense>
			<Conscription>1</Conscription>
			<UnitArtInfo>ART_DEF_UNIT_SMAN_EU_SIEGE_ELEPHANT</UnitArtInfo>
			<IconAtlas>SMAN_EXOTIC_UNIT_ATLAS</IconAtlas>
			<PortraitIndex>10</PortraitIndex>
			<UnitFlagAtlas>SMAN_EXOTIC_UNIT_FLAG_ATLAS</UnitFlagAtlas>
			<UnitFlagIconOffset>6</UnitFlagIconOffset>
			<MoveRate>PHANT</MoveRate>
		</Row>
	</Units>

	<!--
	<Unit_BuildingClassRequireds>
		
		<Row>
			<UnitType>UNIT_SMAN_EU_SIEGE_ELEPHANT</UnitType>
			<BuildingClassType></BuildingClassType>
		</Row>
		
	</Unit_BuildingClassRequireds>
	-->

	<Unit_ResourceQuantityRequirements>
		<Row>
			<UnitType>UNIT_SMAN_EU_SIEGE_ELEPHANT</UnitType>
			<ResourceType>RESOURCE_SMAN_EU_ELEPHANTS</ResourceType>
			<Cost>1</Cost>
		</Row>
	</Unit_ResourceQuantityRequirements>

	<Unit_FreePromotions>
		<Row>
			<UnitType>UNIT_SMAN_EU_SIEGE_ELEPHANT</UnitType>
			<PromotionType>PROMOTION_SMAN_PERILOUS_PACHYDERM_3_PROMOTION</PromotionType>
		</Row>
	</Unit_FreePromotions>

	<Unit_AITypes>
		<Row>
			<UnitType>UNIT_SMAN_EU_SIEGE_ELEPHANT</UnitType>
			<UnitAIType>UNITAI_CITY_BOMBARD</UnitAIType>
		</Row>
		<Row>
			<UnitType>UNIT_SMAN_EU_SIEGE_ELEPHANT</UnitType>
			<UnitAIType>UNITAI_RANGED</UnitAIType>
		</Row>
	</Unit_AITypes>

	<Unit_Flavors>
		<Row>
			<UnitType>UNIT_SMAN_EU_SIEGE_ELEPHANT</UnitType>
			<FlavorType>FLAVOR_OFFENSE</FlavorType>
			<Flavor>10</Flavor>
		</Row>
		<Row>
			<UnitType>UNIT_SMAN_EU_SIEGE_ELEPHANT</UnitType>
			<FlavorType>FLAVOR_RANGED</FlavorType>
			<Flavor>9</Flavor>
		</Row>
	</Unit_Flavors>

	<Unit_ClassUpgrades>
		<Row>
			<UnitType>UNIT_SMAN_EU_SIEGE_ELEPHANT</UnitType>
			<UnitClassType>UNITCLASS_CANNON</UnitClassType>
		</Row>
	</Unit_ClassUpgrades>

	<UnitGameplay2DScripts>
		<Row>
			<UnitType>UNIT_SMAN_EU_SIEGE_ELEPHANT</UnitType>
			<SelectionSound>AS2D_SELECT_SIAMESE_WAR_ELEPHANT</SelectionSound>
			<FirstSelectionSound>AS2D_BIRTH_SIAMESE_WAR_ELEPHANT</FirstSelectionSound>
		</Row>
	</UnitGameplay2DScripts>


	<Language_en_US>
		<Row Tag="TXT_KEY_UNIT_SMAN_EU_SIEGE_ELEPHANT">
			<Text>Siege Elephant</Text>
		</Row>
		<Row Tag="TXT_KEY_UNIT_SMAN_EU_SIEGE_ELEPHANT_HELP">
			<Text>Hulking late-Classical Era Siege Weapon capable of quickly attacking Cities, but weak to Spearmen and Pikemen.</Text>
		</Row>
		<Row Tag="TXT_KEY_UNIT_SMAN_EU_SIEGE_ELEPHANT_STRATEGY">
			<Text>Siege Elephant Strategy</Text>
		</Row>
		<Row Tag="TXT_KEY_UNIT_SMAN_EU_SIEGE_ELEPHANT_PEDIA">
			<Text>
				The Siege Elephant is a late-Classical Era ranged unit, available at the discovery of Engineering. It becomes obsolete at the discovery of Chemistry, at which time it may upgrade to the Cannon unit.[NEWLINE][NEWLINE]The use of multibow siege crossbows is unique to East Asia. The very first arcuballistae were understandably single bow crossbows, emerging in the Warring States period of China. The technology was introduced into Indochina in AD 1171 when an emissary from the Song Dynasty travelled to Champa to trade the technology in exchange for privileges along the many trade routes Champa controlled in the South Sea. The Cham applied this technological innovation in siege warfare by mounting the arcuballistae on the backs of elephants.[NEWLINE][NEWLINE]Not long after this date, double-bow arcuballistae appear in 13th century Khmer bas-relief sculptures on the walls of Bayon and at Banteay Chmar. The Khmer adopted the technology from Champa either through a later trade agreement or from captured Cham soldiers and ballista elephant during their many wars for supremacy over the Indochina region. Siege crossbows, both standalone and mounted, were frequently used by both the Khmer and Champa in their wars with each other.
			</Text>
		</Row>
	</Language_en_US>
  
</GameData>