<?xml version="1.0" encoding="utf-8"?>
<!-- Created by ModBuddy on 12/09/17 2:15:31 PM -->
<GameData>
	
	<UnitClasses>
		<Row>
			<Type>UNITCLASS_EXOTIC_UNIT_PREDATOR_DRONE</Type>
			<Description>TXT_KEY_UNIT_EXOTIC_UNIT_PREDATOR_DRONE</Description>
			<DefaultUnit>NONE</DefaultUnit>
			<!--<MaxPlayerInstances>2</MaxPlayerInstances>-->
		</Row>
	</UnitClasses>

	<Units>
		<Row>
			<Type>UNIT_EXOTIC_UNIT_PREDATOR_DRONE</Type>
			<Class>UNITCLASS_EXOTIC_UNIT_PREDATOR_DRONE</Class>
			<PrereqTech>TECH_TELECOM</PrereqTech>
			<ObsoleteTech>TECH_NANOTECHNOLOGY</ObsoleteTech>
			<Combat>14</Combat>
			<RangedCombat>30</RangedCombat>
			<Range>2</Range>
			<Moves>4</Moves>
			<Cost>200</Cost>			
			<!--<FaithCost>650</FaithCost>
			<RequiresFaithPurchaseEnabled>true</RequiresFaithPurchaseEnabled>-->
			<CombatClass>UNITCOMBAT_HELICOPTER</CombatClass>
			<Domain>DOMAIN_LAND</Domain>
			<DefaultUnitAI>UNITAI_RANGED</DefaultUnitAI>
			<Description>TXT_KEY_UNIT_EXOTIC_UNIT_PREDATOR_DRONE</Description>
			<Civilopedia>TXT_KEY_UNIT_EXOTIC_UNIT_PREDATOR_DRONE_PEDIA</Civilopedia>
			<Strategy>TXT_KEY_UNIT_EXOTIC_UNIT_PREDATOR_DRONE_STRATEGY</Strategy>
			<Help>TXT_KEY_UNIT_EXOTIC_UNIT_PREDATOR_DRONE_HELP</Help>

			<IsMercUnit>true</IsMercUnit>
			<PurchaseOnly>true</PurchaseOnly>
			<MoveAfterPurchase>true</MoveAfterPurchase>
			<MilitarySupport>true</MilitarySupport>
			<MilitaryProduction>true</MilitaryProduction>
			<NoMaintenance>true</NoMaintenance>
			<!--<Pillage>true</Pillage>-->

			<Mechanized>true</Mechanized>
			<IgnoreBuildingDefense>true</IgnoreBuildingDefense>
			<CombatLimit>0</CombatLimit>
			
			<AdvancedStartCost>10</AdvancedStartCost>
			<HurryCostModifier>10</HurryCostModifier>
			<XPValueAttack>3</XPValueAttack>
			<XPValueDefense>3</XPValueDefense>
			<UnitArtInfo>ART_DEF_UNIT_EXOTIC_UNIT_PREDATOR_DRONE</UnitArtInfo>
			<MoveRate>WHEELED</MoveRate>
			<IconAtlas>SMAN_EXOTIC_UNIT_ATLAS</IconAtlas>
			<PortraitIndex>50</PortraitIndex>
			<UnitFlagAtlas>SMAN_EXOTIC_UNIT_FLAG_ATLAS</UnitFlagAtlas>
			<UnitFlagIconOffset>42</UnitFlagIconOffset>
		</Row>
	</Units>

	<Unit_BuildingClassRequireds>
		<Row>
			<UnitType>UNIT_EXOTIC_UNIT_PREDATOR_DRONE</UnitType>
			<BuildingClassType>BUILDINGCLASS_SMAN_EU_CONTRACTING_AGENCY</BuildingClassType>
		</Row>
	</Unit_BuildingClassRequireds>

	<Unit_AITypes>
		<Row>
			<UnitType>UNIT_EXOTIC_UNIT_PREDATOR_DRONE</UnitType>
			<UnitAIType>UNITAI_FAST_ATTACK</UnitAIType>
		</Row>
		<Row>
			<UnitType>UNIT_EXOTIC_UNIT_PREDATOR_DRONE</UnitType>
			<UnitAIType>UNITAI_EXPLORE</UnitAIType>
		</Row>
	</Unit_AITypes>

	<Unit_Flavors>
		<Row>
			<UnitType>UNIT_EXOTIC_UNIT_PREDATOR_DRONE</UnitType>
			<FlavorType>FLAVOR_OFFENSE</FlavorType>
			<Flavor>10</Flavor>
		</Row>
		<Row>
			<UnitType>UNIT_EXOTIC_UNIT_PREDATOR_DRONE</UnitType>
			<FlavorType>FLAVOR_MOBILE</FlavorType>
			<Flavor>18</Flavor>
		</Row>
		<Row>
			<UnitType>UNIT_EXOTIC_UNIT_PREDATOR_DRONE</UnitType>
			<FlavorType>FLAVOR_RECON</FlavorType>
			<Flavor>10</Flavor>
		</Row>
		<Row>
			<UnitType>UNIT_EXOTIC_UNIT_PREDATOR_DRONE</UnitType>
			<FlavorType>FLAVOR_RANGED</FlavorType>
			<Flavor>15</Flavor>
		</Row>
	</Unit_Flavors>

	<Unit_FreePromotions>
		<Row>
			<UnitType>UNIT_EXOTIC_UNIT_PREDATOR_DRONE</UnitType>
			<PromotionType>PROMOTION_SMAN_EU_UAV</PromotionType>
		</Row>
	</Unit_FreePromotions>

	<UnitGameplay2DScripts>
		<Row>
			<UnitType>UNIT_EXOTIC_UNIT_PREDATOR_DRONE</UnitType>
			<SelectionSound>AS2D_SELECT_FIGHTER</SelectionSound>
			<FirstSelectionSound>AS2D_BIRTH_FIGHTER</FirstSelectionSound>
		</Row>
	</UnitGameplay2DScripts>


	<Language_en_US>
		<Row Tag="TXT_KEY_UNIT_EXOTIC_UNIT_PREDATOR_DRONE">
			<Text>Predator Drone</Text>
		</Row>
		<Row Tag="TXT_KEY_UNIT_EXOTIC_UNIT_PREDATOR_DRONE_HELP">
			<Text>Information Era recon and ranged unit. Price shown is how much it costs to hire this unit for 20 turns.</Text>
		</Row>
		<Row Tag="TXT_KEY_UNIT_EXOTIC_UNIT_PREDATOR_DRONE_STRATEGY">
			<Text>The Predator Drone is a late game hovering unit. It can move around the map like helicopters. It can perform ranged attacks within its range of 2 tiles. The Predator Drone provides great flexibility to military operations, quickly responding to crises around the world.</Text>
		</Row>
		<Row Tag="TXT_KEY_UNIT_EXOTIC_UNIT_PREDATOR_DRONE_PEDIA">
			<Text>
				The Predator Drone is an Information Era Fighter unit, available when the civilization discovers Telecommunications. The Contracting Agency is required for this unit to be built. The Predator Drone becomes obsolete on the discovery of Nanotechnology.[NEWLINE][NEWLINE]
				The General Atomics MQ-1 Predator is an American remotely piloted aircraft built by General Atomics and used primarily by the United States Air Force and Central Intelligence Agency. Initially conceived in the early 1990s for aerial reconnaissance and forward observation roles, the Predator carries cameras and other sensors but has been modified and upgraded to carry and fire two AGM-114 Hellfire missiles or other munitions. The aircraft, in use since 1995, has seen combat in war in Afghanistan, Pakistan, the NATO intervention in Bosnia, Serbia, Iraq War, Yemen, Libyan civil war, the intervention in Syria, and Somalia.[NEWLINE][NEWLINE]The USAF describes the Predator as a 'Tier II' MALE UAS, for medium-altitude, long-endurance unmanned aircraft system. The UAS consists of four aircraft or 'air vehicles' with sensors, a ground control station, and a primary satellite link communication suite Powered by a Rotax engine and driven by a propeller, the air vehicle can fly up to 460 miles to a target, loiter overhead for 14 hours, then return to its base.[NEWLINE][NEWLINE]Following 2001, the RQ-1 Predator became the primary remotely piloted aircraft used for offensive operations by the USAF and the CIA in Afghanistan and the Pakistani tribal areas; it has also been deployed elsewhere. Because offensive uses of the Predator are classified by the US, U.S. military officials have reported an appreciation for the intelligence and reconnaissance-gathering abilities of RPAs but declined to publicly discuss their offensive use.
			</Text>
		</Row>
	</Language_en_US>
  
</GameData>