<?xml version="1.0" encoding="utf-8"?>
<!-- Created by ModBuddy on 12/07/17 1:35:50 PM -->
<GameData>
	<UnitClasses>
		<Row>
			<Type>UNITCLASS_EXOTIC_UNIT_DHOW</Type>
			<Description>TXT_KEY_UNIT_EXOTIC_UNIT_DHOW</Description>
			<DefaultUnit>NONE</DefaultUnit>-->
			<!--<MaxPlayerInstances>3</MaxPlayerInstances>-->
		</Row>
	</UnitClasses>
	<Units>
		<Row>
			<Class>UNITCLASS_EXOTIC_UNIT_DHOW</Class>
			<Type>UNIT_EXOTIC_UNIT_DHOW</Type>
			<PrereqTech>TECH_COMPASS</PrereqTech>
			<ObsoleteTech>TECH_NAVIGATION</ObsoleteTech>
			<Combat>16</Combat>
			<Moves>3</Moves>
			<Cost>100</Cost>			
			<!--<FaithCost>220</FaithCost>
			<RequiresFaithPurchaseEnabled>true</RequiresFaithPurchaseEnabled>-->
			<CombatClass>UNITCOMBAT_NAVALMELEE</CombatClass>
			<Domain>DOMAIN_SEA</Domain>
			<DefaultUnitAI>UNITAI_EXPLORE_SEA</DefaultUnitAI>
			<Description>TXT_KEY_UNIT_EXOTIC_UNIT_DHOW</Description>
			<Civilopedia>TXT_KEY_UNIT_EXOTIC_UNIT_DHOW_PEDIA</Civilopedia>
			<Strategy>TXT_KEY_UNIT_EXOTIC_UNIT_DHOW_STRATEGY</Strategy>
			<Help>TXT_KEY_UNIT_EXOTIC_UNIT_DHOW_HELP</Help>

			<IsMercUnit>true</IsMercUnit>
			<PurchaseOnly>true</PurchaseOnly>
			<MoveAfterPurchase>true</MoveAfterPurchase>
			<MilitarySupport>true</MilitarySupport>
			<MilitaryProduction>true</MilitaryProduction>
			<NoMaintenance>true</NoMaintenance>
			<Pillage>true</Pillage>
			
			<Mechanized>true</Mechanized>			
			<AdvancedStartCost>10</AdvancedStartCost>
			<MinAreaSize>10</MinAreaSize>
			<XPValueAttack>3</XPValueAttack>
			<XPValueDefense>3</XPValueDefense>
			<UnitArtInfo>ART_DEF_UNIT_MC_KILWA_DHOW</UnitArtInfo>			
			<IconAtlas>SMAN_EXOTIC_UNIT_ATLAS</IconAtlas>
			<PortraitIndex>30</PortraitIndex>
			<UnitFlagAtlas>SMAN_EXOTIC_UNIT_FLAG_ATLAS</UnitFlagAtlas>
			<UnitFlagIconOffset>22</UnitFlagIconOffset>
			<MoveRate>WOODEN_BOAT</MoveRate>
		</Row>
	</Units>

	<Unit_BuildingClassRequireds>
		<Row>
			<UnitType>UNIT_EXOTIC_UNIT_DHOW</UnitType>
			<BuildingClassType>BUILDINGCLASS_HARBOR</BuildingClassType>
		</Row>
	</Unit_BuildingClassRequireds>

	<Unit_AITypes>
		<Row>
			<UnitType>UNIT_EXOTIC_UNIT_DHOW</UnitType>
			<UnitAIType>UNITAI_RESERVE_SEA</UnitAIType>
		</Row>
		<Row>
			<UnitType>UNIT_EXOTIC_UNIT_DHOW</UnitType>
			<UnitAIType>UNITAI_ESCORT_SEA</UnitAIType>
		</Row>
		<Row>
			<UnitType>UNIT_EXOTIC_UNIT_DHOW</UnitType>
			<UnitAIType>UNITAI_EXPLORE_SEA</UnitAIType>
		</Row>
	</Unit_AITypes>

	<Unit_Flavors>
		<Row>
			<UnitType>UNIT_EXOTIC_UNIT_DHOW</UnitType>
			<FlavorType>FLAVOR_NAVAL</FlavorType>
			<Flavor>4</Flavor>
		</Row>
		<Row>
			<UnitType>UNIT_EXOTIC_UNIT_DHOW</UnitType>
			<FlavorType>FLAVOR_NAVAL_RECON</FlavorType>
			<Flavor>8</Flavor>
		</Row>
	</Unit_Flavors>

	<Unit_FreePromotions>
		<!--<Row>
			<UnitType>UNIT_EXOTIC_UNIT_DHOW</UnitType>
			<PromotionType>PROMOTION_OCEAN_IMPASSABLE</PromotionType>
		</Row>-->
		<Row>
			<UnitType>UNIT_EXOTIC_UNIT_DHOW</UnitType>
			<PromotionType>PROMOTION_WITHDRAW_BEFORE_MELEE</PromotionType>
		</Row>
		<Row>
			<UnitType>UNIT_EXOTIC_UNIT_DHOW</UnitType>
			<PromotionType>PROMOTION_EXTRA_SIGHT_I</PromotionType>
		</Row>		
	</Unit_FreePromotions>
	
	<UnitGameplay2DScripts>
		<Row>
			<UnitType>UNIT_EXOTIC_UNIT_DHOW</UnitType>
			<SelectionSound>AS2D_SELECT_CARAVEL</SelectionSound>
			<FirstSelectionSound>AS2D_BIRTH_CARAVEL</FirstSelectionSound>
		</Row>
	</UnitGameplay2DScripts>


	<Language_en_US>
		<Row Tag="TXT_KEY_UNIT_EXOTIC_UNIT_DHOW">
			<Text>Dhow</Text>
		</Row>
		<Row Tag="TXT_KEY_UNIT_EXOTIC_UNIT_DHOW_HELP">
			<Text>Fast Mercenary naval melee unit. Price shown is how much it costs to hire this unit for 20 turns.</Text>
		</Row>
		<Row Tag="TXT_KEY_UNIT_EXOTIC_UNIT_DHOW_STRATEGY">
			<Text>Use the Dhow to explore the world, and to spread fear upon the seas. They may withdraw from melee and receive extra visibility.</Text>
		</Row>
		<Row Tag="TXT_KEY_UNIT_EXOTIC_UNIT_DHOW_PEDIA">
			<Text>
				The Dhow is a Medieval era Mercenary naval melee unit, available upon the discovery of Compass. The Harbor is required for this unit to be built. The Dhow becomes obsolete upon the discovery of Navigation.[NEWLINE][NEWLINE]Dhow is the generic name of a number of traditional sailing vessels with one or more masts with lateen sails used in the Red Sea and Indian Ocean region. Historians are divided as to whether the dhow was invented by Arabs. Typically sporting long thin hulls, dhows are trading vessels primarily used to carry heavy items, like fruit, fresh water or merchandise, along the coasts of the Arabian Peninsula, Pakistan, India, Bangladesh and East Africa. Larger dhows have crews of approximately thirty, smaller ones typically around twelve.[NEWLINE][NEWLINE]Kilwa merchant ships, from the large lateen-rigged dhows that ploughed the open oceans to the small zambucs used for local transit, were usually built from the split trunks of coconut palm wood, their sails made from coconut leaf matting and the ships held together by coconut coir.
			</Text>
		</Row>
	</Language_en_US>	
  
</GameData>