<?xml version="1.0" encoding="utf-8"?>
<!-- Created by ModBuddy on 12/10/17 10:15:10 PM -->
<GameData>

	<!--Paramilitary Commandos-->
	<ArtDefine_UnitInfos>
		<Row>
			<Type>ART_DEF_UNIT_SOF</Type>
			<DamageStates>1</DamageStates>
			<Formation>UnFormed</Formation>
		</Row>
	</ArtDefine_UnitInfos>
	<ArtDefine_UnitInfoMemberInfos>
		<Row>
			<UnitInfoType>ART_DEF_UNIT_SOF</UnitInfoType>
			<UnitMemberInfoType>ART_DEF_UNIT_MEMBER_SOF</UnitMemberInfoType>
			<NumMembers>6</NumMembers>
		</Row>
		<Row>
			<UnitInfoType>ART_DEF_UNIT_SOF</UnitInfoType>
			<UnitMemberInfoType>ART_DEF_UNIT_MEMBER_SOF_V2</UnitMemberInfoType>
			<NumMembers>4</NumMembers>
		</Row>
	</ArtDefine_UnitInfoMemberInfos>
	<ArtDefine_UnitMemberInfos>
		<Row>
			<Type>ART_DEF_UNIT_MEMBER_SOF</Type>
			<Scale>0.140000000596046</Scale>
			<Model>SMAN_EU_SOF.fxsxml</Model>
			<MaterialTypeTag>CLOTH</MaterialTypeTag>
			<MaterialTypeSoundOverrideTag>FLESH</MaterialTypeSoundOverrideTag>
		</Row>
		<Row>
			<Type>ART_DEF_UNIT_MEMBER_SOF_V2</Type>
			<Scale>0.140000000596046</Scale>
			<Model>SMAN_EU_SOF_MG.fxsxml</Model>
			<MaterialTypeTag>CLOTH</MaterialTypeTag>
			<MaterialTypeSoundOverrideTag>FLESH</MaterialTypeSoundOverrideTag>
		</Row>
	</ArtDefine_UnitMemberInfos>
	<ArtDefine_UnitMemberCombats>
		<Row>
			<UnitMemberType>ART_DEF_UNIT_MEMBER_SOF</UnitMemberType>
			<EnableActions>Idle Attack RunCharge AttackCity Bombard Death BombardDefend Run Fortify CombatReady Walk AttackCharge</EnableActions>
			<ShortMoveRadius>12.0</ShortMoveRadius>
			<ShortMoveRate>0.349999994039536</ShortMoveRate>
			<TargetHeight>8.0</TargetHeight>
			<HasShortRangedAttack>1</HasShortRangedAttack>
			<HasRefaceAfterCombat>1</HasRefaceAfterCombat>
			<ReformBeforeCombat>1</ReformBeforeCombat>
		</Row>
		<Row>
			<UnitMemberType>ART_DEF_UNIT_MEMBER_SOF_V2</UnitMemberType>
			<EnableActions>Idle Attack RunCharge AttackCity Bombard Death BombardDefend Run Fortify CombatReady Walk AttackCharge</EnableActions>
			<ShortMoveRadius>12.0</ShortMoveRadius>
			<ShortMoveRate>0.349999994039536</ShortMoveRate>
			<TargetHeight>8.0</TargetHeight>
			<HasShortRangedAttack>1</HasShortRangedAttack>
			<HasRefaceAfterCombat>1</HasRefaceAfterCombat>
			<ReformBeforeCombat>1</ReformBeforeCombat>
		</Row>
	</ArtDefine_UnitMemberCombats>
	<ArtDefine_UnitMemberCombatWeapons>
		<Row>
			<UnitMemberType>ART_DEF_UNIT_MEMBER_SOF</UnitMemberType>
			<Index>0</Index>
			<SubIndex>0</SubIndex>
			<WeaponTypeTag>BULLET</WeaponTypeTag>
			<WeaponTypeSoundOverrideTag>BULLET</WeaponTypeSoundOverrideTag>
		</Row>
		<Row>
			<UnitMemberType>ART_DEF_UNIT_MEMBER_SOF_V2</UnitMemberType>
			<Index>0</Index>
			<SubIndex>0</SubIndex>
			<WeaponTypeTag>BULLET</WeaponTypeTag>
			<WeaponTypeSoundOverrideTag>BULLET</WeaponTypeSoundOverrideTag>
		</Row>
	</ArtDefine_UnitMemberCombatWeapons>
	<ArtDefine_StrategicView>
		<Row>
			<StrategicViewType>ART_DEF_UNIT_SOF</StrategicViewType>
			<TileType>Unit</TileType>
			<Asset>sv_land_mercenary.dds</Asset>
		</Row>
	</ArtDefine_StrategicView>
	
</GameData>