<?xml version="1.0" encoding="utf-8"?>
<!-- Created by ModBuddy on 12/02/17 11:25:43 AM -->
<GameData>
	<UnitClasses>
		<Row>
			<Type>UNITCLASS_SMAN_EU_CAMEL_WAR_PARTY</Type>
			<Description>TXT_KEY_UNIT_SMAN_EU_CAMEL_WAR_PARTY</Description>
			<DefaultUnit>NONE</DefaultUnit>
			<!--<MaxPlayerInstances>2</MaxPlayerInstances>-->
		</Row>
	</UnitClasses>

	<Units>
		<Row>
			<Class>UNITCLASS_SMAN_EU_CAMEL_WAR_PARTY</Class>
			<Type>UNIT_SMAN_EU_CAMEL_WAR_PARTY</Type>
			<Combat>12</Combat>
			<Cost>75</Cost>
			<FaithCost>150</FaithCost>
			<RequiresFaithPurchaseEnabled>true</RequiresFaithPurchaseEnabled>
			<Moves>2</Moves>
			<BaseSightRange>2</BaseSightRange>
			<PrereqTech>TECH_GUNPOWDER</PrereqTech>
			<ObsoleteTech>TECH_COMBUSTION</ObsoleteTech>
			<CombatClass>UNITCOMBAT_GUN</CombatClass>
			<Domain>DOMAIN_LAND</Domain>
			<DefaultUnitAI>UNITAI_ATTACK</DefaultUnitAI>
			<Description>TXT_KEY_UNIT_SMAN_EU_CAMEL_WAR_PARTY</Description>
			<Help>TXT_KEY_UNIT_SMAN_EU_CAMEL_WAR_PARTY_HELP</Help>
			<Strategy>TXT_KEY_UNIT_SMAN_EU_CAMEL_WAR_PARTY_STRATEGY</Strategy>
			<Civilopedia>TXT_KEY_UNIT_SMAN_EU_CAMEL_WAR_PARTY_PEDIA</Civilopedia>
			<MilitarySupport>true</MilitarySupport>
			<MilitaryProduction>true</MilitaryProduction>
			<Pillage>true</Pillage>
			<HurryCostModifier>25</HurryCostModifier>
			<AdvancedStartCost>25</AdvancedStartCost>
			<XPValueAttack>3</XPValueAttack>
			<XPValueDefense>3</XPValueDefense>
			<Conscription>1</Conscription>
			<UnitArtInfo>ART_DEF_UNIT_SMAN_EU_CAMEL_WAR_PARTY</UnitArtInfo>
			<IconAtlas>SMAN_EXOTIC_UNIT_ATLAS</IconAtlas>
			<PortraitIndex>3</PortraitIndex>
			<UnitFlagAtlas>SMAN_EXOTIC_UNIT_FLAG_ATLAS</UnitFlagAtlas>
			<UnitFlagIconOffset>3</UnitFlagIconOffset>
			<MoveRate>BIPED</MoveRate>
		</Row>
	</Units>

	<!--
	<Unit_BuildingClassRequireds>
		
		<Row>
			<UnitType>UNIT_SMAN_EU_CAMEL_WAR_PARTY</UnitType>
			<BuildingClassType></BuildingClassType>
		</Row>
		
	</Unit_BuildingClassRequireds>
	-->

	<!--
	<Unit_ResourceQuantityRequirements>
		<Row>
			<UnitType>UNIT_SMAN_EU_CAMEL_WAR_PARTY</UnitType>
			<ResourceType>RESOURCE_SMAN_EU_CAMELS</ResourceType>
			<Cost>1</Cost>
		</Row>
	</Unit_ResourceQuantityRequirements>
	-->
	
	<Unit_FreePromotions>
		<Row>
			<UnitType>UNIT_SMAN_EU_CAMEL_WAR_PARTY</UnitType>
			<PromotionType>PROMOTION_SMAN_KHAMSIN_PROMOTION</PromotionType>
		</Row>
	</Unit_FreePromotions>

	<Unit_AITypes>
		<Row>
			<UnitType>UNIT_SMAN_EU_CAMEL_WAR_PARTY</UnitType>
			<UnitAIType>UNITAI_DEFENSE</UnitAIType>
		</Row>
		<Row>
			<UnitType>UNIT_SMAN_EU_CAMEL_WAR_PARTY</UnitType>
			<UnitAIType>UNITAI_ATTACK</UnitAIType>
		</Row>
	</Unit_AITypes>

	<Unit_Flavors>
		<Row>
			<UnitType>UNIT_SMAN_EU_CAMEL_WAR_PARTY</UnitType>
			<FlavorType>FLAVOR_OFFENSE</FlavorType>
			<Flavor>3</Flavor>
		</Row>
		<Row>
			<UnitType>UNIT_SMAN_EU_CAMEL_WAR_PARTY</UnitType>
			<FlavorType>FLAVOR_DEFENSE</FlavorType>
			<Flavor>7</Flavor>
		</Row>
	</Unit_Flavors>

	<Unit_ClassUpgrades>
		<Row>
			<UnitType>UNIT_SMAN_EU_CAMEL_WAR_PARTY</UnitType>
			<UnitClassType>UNITCLASS_GREAT_WAR_INFANTRY</UnitClassType>
		</Row>
	</Unit_ClassUpgrades>

	<UnitGameplay2DScripts>
		<Row>
			<UnitType>UNIT_SMAN_EU_CAMEL_WAR_PARTY</UnitType>
			<SelectionSound>AS2D_SELECT_CAMEL_ARCHER</SelectionSound>
			<FirstSelectionSound>AS2D_BIRTH_CAMEL_ARCHER</FirstSelectionSound>
		</Row>
	</UnitGameplay2DScripts>


	<Language_en_US>
		<Row Tag="TXT_KEY_UNIT_SMAN_EU_CAMEL_WAR_PARTY">
			<Text>Camel War Party</Text>
		</Row>
		<Row Tag="TXT_KEY_UNIT_SMAN_EU_CAMEL_WAR_PARTY_HELP">
			<Text>A lumbering Renaissance Era melee unit, excels at hit and run tactics.</Text>
		</Row>
		<Row Tag="TXT_KEY_UNIT_SMAN_EU_CAMEL_WAR_PARTY_STRATEGY">
			<Text>The Camel War Party is a motley collection of partisans, renegades, and criminals. It is a melee unit that can move after combat. It also receives +33% attack bonus when attacking from Desert tiles, doubles its movement in Desert tiles, and can pillage at no movement cost.</Text>
		</Row>
		<Row Tag="TXT_KEY_UNIT_SMAN_EU_CAMEL_WAR_PARTY_PEDIA">
			<Text>
				The Camel War Party is an inexpensive Renaissance Era melee unit that specializes in hit-and-run tactics, available at the discovery of Gunpowder. It becomes obsolete at the discovery of Combustion, and may upgrade to the Great War Infantry unit upon the discovery of Replaceable Parts.[NEWLINE][NEWLINE]These units specialize in seizing and destroying military objectives, usually in enemy territory. These raids area military tactic or operational warfare mission which has a specific purpose and is not normally intended to capture and hold terrain, but instead finish with the raiding force quickly retreating to a previous defended position prior to enemy forces being able to respond in a coordinated manner or formulate a counter-attack. [NEWLINE][NEWLINE]These War Party units differ from Raiding Parties in that their primary aim is to damage the enemy's ability to conduct military operations.  Like Raiding Parties, these units also consist of combatants specially trained in raiding tactics, such as commandos, or as a special mission assigned to any general troops. Raids are often a standard tactic in irregular warfare, employed by warriors, guerrilla fighters, or other irregular military forces.[NEWLINE][NEWLINE]The purposes of a raid may include: to demoralize, confuse, or exhaust the enemy; to ransack, pillage, or plunder; to destroy specific goods or installations of military or economic value; to free Prisoners Of War; to capture enemy soldiers for interrogation; to kill or capture specific key persons; and to gather intelligence.
			</Text>
		</Row>
	</Language_en_US>

</GameData>