<?xml version="1.0" encoding="utf-8"?>

<GameData>
	
	<ArtDefine_Landmarks>
		<!-- COFFEE - - - - - - - - - - - - - - - - - - - - - - - - - - - -->
		<Row>
			<Era>Any</Era>
			<State>Any</State>
			<Scale>0.959999978542328</Scale>
			<ImprovementType>ART_DEF_IMPROVEMENT_NONE</ImprovementType>
			<LayoutHandler>SNAPSHOT</LayoutHandler>
			<ResourceType>ART_DEF_RESOURCE_COFFEE</ResourceType>
			<Model>resource_coffee.fxsxml</Model>
			<TerrainContour>1</TerrainContour>
		</Row>
		<Row>
			<Era>Ancient</Era>
			<State>UnderConstruction</State>
			<Scale>0.959999978542328</Scale>
			<ImprovementType>ART_DEF_IMPROVEMENT_PLANTATION</ImprovementType>
			<LayoutHandler>SNAPSHOT</LayoutHandler>
			<ResourceType>ART_DEF_RESOURCE_COFFEE</ResourceType>
			<Model>hb_plantation_mid_coffee.fxsxml</Model>
			<TerrainContour>1</TerrainContour>
		</Row>
		<Row>
			<Era>Ancient</Era>
			<State>Constructed</State>
			<Scale>0.959999978542328</Scale>
			<ImprovementType>ART_DEF_IMPROVEMENT_PLANTATION</ImprovementType>
			<LayoutHandler>SNAPSHOT</LayoutHandler>
			<ResourceType>ART_DEF_RESOURCE_COFFEE</ResourceType>
			<Model>plantation_mid_coffee.fxsxml</Model>
			<TerrainContour>1</TerrainContour>
		</Row>
		<Row>
			<Era>Ancient</Era>
			<State>Pillaged</State>
			<Scale>0.959999978542328</Scale>
			<ImprovementType>ART_DEF_IMPROVEMENT_PLANTATION</ImprovementType>
			<LayoutHandler>SNAPSHOT</LayoutHandler>
			<ResourceType>ART_DEF_RESOURCE_COFFEE</ResourceType>
			<Model>pl_plantation_mid_coffee.fxsxml</Model>
			<TerrainContour>1</TerrainContour>
		</Row>
		<Row>
			<Era>Industrial</Era>
			<State>UnderConstruction</State>
			<Scale>0.959999978542328</Scale>
			<ImprovementType>ART_DEF_IMPROVEMENT_PLANTATION</ImprovementType>
			<LayoutHandler>SNAPSHOT</LayoutHandler>
			<ResourceType>ART_DEF_RESOURCE_COFFEE</ResourceType>
			<Model>hb_plantation_ind_coffee.fxsxml</Model>
			<TerrainContour>1</TerrainContour>
		</Row>
		<Row>
			<Era>Industrial</Era>
			<State>Constructed</State>
			<Scale>0.959999978542328</Scale>
			<ImprovementType>ART_DEF_IMPROVEMENT_PLANTATION</ImprovementType>
			<LayoutHandler>SNAPSHOT</LayoutHandler>
			<ResourceType>ART_DEF_RESOURCE_COFFEE</ResourceType>
			<Model>plantation_ind_coffee.fxsxml</Model>
			<TerrainContour>1</TerrainContour>
		</Row>
		<Row>
			<Era>Industrial</Era>
			<State>Pillaged</State>
			<Scale>0.959999978542328</Scale>
			<ImprovementType>ART_DEF_IMPROVEMENT_PLANTATION</ImprovementType>
			<LayoutHandler>SNAPSHOT</LayoutHandler>
			<ResourceType>ART_DEF_RESOURCE_COFFEE</ResourceType>
			<Model>pl_plantation_ind_coffee.fxsxml</Model>
			<TerrainContour>1</TerrainContour>
		</Row>
		<!-- TEA - - - - - - - - - - - - - - - - - - - - - - - - - - - - - -->
		<Row>
			<Era>Any</Era>
			<State>Any</State>
			<Scale>0.939999997615814</Scale>
			<ImprovementType>ART_DEF_IMPROVEMENT_NONE</ImprovementType>
			<LayoutHandler>SNAPSHOT</LayoutHandler>
			<ResourceType>ART_DEF_RESOURCE_TEA</ResourceType>
			<Model>resource_tea.fxsxml</Model>
			<TerrainContour>1</TerrainContour>
		</Row>
		<Row>
			<Era>Ancient</Era>
			<State>UnderConstruction</State>
			<Scale>0.959999978542328</Scale>
			<ImprovementType>ART_DEF_IMPROVEMENT_PLANTATION</ImprovementType>
			<LayoutHandler>SNAPSHOT</LayoutHandler>
			<ResourceType>ART_DEF_RESOURCE_TEA</ResourceType>
			<Model>hb_plantation_mid_tea.fxsxml</Model>
			<TerrainContour>1</TerrainContour>
		</Row>
		<Row>
			<Era>Ancient</Era>
			<State>Constructed</State>
			<Scale>0.959999978542328</Scale>
			<ImprovementType>ART_DEF_IMPROVEMENT_PLANTATION</ImprovementType>
			<LayoutHandler>SNAPSHOT</LayoutHandler>
			<ResourceType>ART_DEF_RESOURCE_TEA</ResourceType>
			<Model>plantation_mid_tea.fxsxml</Model>
			<TerrainContour>1</TerrainContour>
		</Row>
		<Row>
			<Era>Ancient</Era>
			<State>Pillaged</State>
			<Scale>0.959999978542328</Scale>
			<ImprovementType>ART_DEF_IMPROVEMENT_PLANTATION</ImprovementType>
			<LayoutHandler>SNAPSHOT</LayoutHandler>
			<ResourceType>ART_DEF_RESOURCE_TEA</ResourceType>
			<Model>pl_plantation_mid_tea.fxsxml</Model>
			<TerrainContour>1</TerrainContour>
		</Row>
		<Row>
			<Era>Industrial</Era>
			<State>UnderConstruction</State>
			<Scale>0.959999978542328</Scale>
			<ImprovementType>ART_DEF_IMPROVEMENT_PLANTATION</ImprovementType>
			<LayoutHandler>SNAPSHOT</LayoutHandler>
			<ResourceType>ART_DEF_RESOURCE_TEA</ResourceType>
			<Model>hb_plantation_ind_tea.fxsxml</Model>
			<TerrainContour>1</TerrainContour>
		</Row>
		<Row>
			<Era>Industrial</Era>
			<State>Constructed</State>
			<Scale>0.959999978542328</Scale>
			<ImprovementType>ART_DEF_IMPROVEMENT_PLANTATION</ImprovementType>
			<LayoutHandler>SNAPSHOT</LayoutHandler>
			<ResourceType>ART_DEF_RESOURCE_TEA</ResourceType>
			<Model>plantation_ind_tea.fxsxml</Model>
			<TerrainContour>1</TerrainContour>
		</Row>
		<Row>
			<Era>Industrial</Era>
			<State>Pillaged</State>
			<Scale>0.959999978542328</Scale>
			<ImprovementType>ART_DEF_IMPROVEMENT_PLANTATION</ImprovementType>
			<LayoutHandler>SNAPSHOT</LayoutHandler>
			<ResourceType>ART_DEF_RESOURCE_TEA</ResourceType>
			<Model>pl_plantation_ind_tea.fxsxml</Model>
			<TerrainContour>1</TerrainContour>
		</Row>
		<!-- TOBACCO - - - - - - - - - - - - - - - - - - - - - - - - - - - -->
		<Row>
			<Era>Any</Era>
			<State>Any</State>
			<Scale>0.939999997615814</Scale>
			<ImprovementType>ART_DEF_IMPROVEMENT_NONE</ImprovementType>
			<LayoutHandler>SNAPSHOT</LayoutHandler>
			<ResourceType>ART_DEF_RESOURCE_TOBACCO</ResourceType>
			<Model>resource_tobacco.fxsxml</Model>
			<TerrainContour>1</TerrainContour>
		</Row>
		<Row>
			<Era>Ancient</Era>
			<State>UnderConstruction</State>
			<Scale>0.959999978542328</Scale>
			<ImprovementType>ART_DEF_IMPROVEMENT_PLANTATION</ImprovementType>
			<LayoutHandler>SNAPSHOT</LayoutHandler>
			<ResourceType>ART_DEF_RESOURCE_TOBACCO</ResourceType>
			<Model>hb_plantation_mid_tobacco.fxsxml</Model>
			<TerrainContour>1</TerrainContour>
		</Row>
		<Row>
			<Era>Ancient</Era>
			<State>Constructed</State>
			<Scale>0.959999978542328</Scale>
			<ImprovementType>ART_DEF_IMPROVEMENT_PLANTATION</ImprovementType>
			<LayoutHandler>SNAPSHOT</LayoutHandler>
			<ResourceType>ART_DEF_RESOURCE_TOBACCO</ResourceType>
			<Model>plantation_mid_tobacco.fxsxml</Model>
			<TerrainContour>1</TerrainContour>
		</Row>
		<Row>
			<Era>Ancient</Era>
			<State>Pillaged</State>
			<Scale>0.959999978542328</Scale>
			<ImprovementType>ART_DEF_IMPROVEMENT_PLANTATION</ImprovementType>
			<LayoutHandler>SNAPSHOT</LayoutHandler>
			<ResourceType>ART_DEF_RESOURCE_TOBACCO</ResourceType>
			<Model>pl_plantation_mid_tobacco.fxsxml</Model>
			<TerrainContour>1</TerrainContour>
		</Row>
		<Row>
			<Era>Industrial</Era>
			<State>UnderConstruction</State>
			<Scale>0.959999978542328</Scale>
			<ImprovementType>ART_DEF_IMPROVEMENT_PLANTATION</ImprovementType>
			<LayoutHandler>SNAPSHOT</LayoutHandler>
			<ResourceType>ART_DEF_RESOURCE_TOBACCO</ResourceType>
			<Model>hb_plantation_ind_tobacco.fxsxml</Model>
			<TerrainContour>1</TerrainContour>
		</Row>
		<Row>
			<Era>Industrial</Era>
			<State>Constructed</State>
			<Scale>0.959999978542328</Scale>
			<ImprovementType>ART_DEF_IMPROVEMENT_PLANTATION</ImprovementType>
			<LayoutHandler>SNAPSHOT</LayoutHandler>
			<ResourceType>ART_DEF_RESOURCE_TOBACCO</ResourceType>
			<Model>plantation_ind_tobacco.fxsxml</Model>
			<TerrainContour>1</TerrainContour>
		</Row>
		<Row>
			<Era>Industrial</Era>
			<State>Pillaged</State>
			<Scale>0.959999978542328</Scale>
			<ImprovementType>ART_DEF_IMPROVEMENT_PLANTATION</ImprovementType>
			<LayoutHandler>SNAPSHOT</LayoutHandler>
			<ResourceType>ART_DEF_RESOURCE_TOBACCO</ResourceType>
			<Model>pl_plantation_ind_tobacco.fxsxml</Model>
			<TerrainContour>1</TerrainContour>
		</Row>
		<!-- AMBER - - - - - - - - - - - - - - - - - - - - - - - - - - - -->
		<Row>
			<Era>Any</Era>
			<State>Any</State>
			<Scale>1.0</Scale>
			<ImprovementType>ART_DEF_IMPROVEMENT_NONE</ImprovementType>
			<LayoutHandler>SNAPSHOT</LayoutHandler>
			<ResourceType>ART_DEF_RESOURCE_AMBER</ResourceType>
			<Model>amber.fxsxml</Model>
			<TerrainContour>1</TerrainContour>
		</Row>
		<Row>
			<Era>Ancient</Era>
			<State>UnderConstruction</State>
			<Scale>1.0</Scale>
			<ImprovementType>ART_DEF_IMPROVEMENT_MINE</ImprovementType>
			<LayoutHandler>SNAPSHOT</LayoutHandler>
			<ResourceType>ART_DEF_RESOURCE_AMBER</ResourceType>
			<Model>hb_med_mine_amber.fxsxml</Model>
			<TerrainContour>1</TerrainContour>
		</Row>
		<Row>
			<Era>Ancient</Era>
			<State>Constructed</State>
			<Scale>1.0</Scale>
			<ImprovementType>ART_DEF_IMPROVEMENT_MINE</ImprovementType>
			<LayoutHandler>SNAPSHOT</LayoutHandler>
			<ResourceType>ART_DEF_RESOURCE_AMBER</ResourceType>
			<Model>med_mine_amber.fxsxml</Model>
			<TerrainContour>1</TerrainContour>
		</Row>
		<Row>
			<Era>Ancient</Era>
			<State>Pillaged</State>
			<Scale>1.0</Scale>
			<ImprovementType>ART_DEF_IMPROVEMENT_MINE</ImprovementType>
			<LayoutHandler>SNAPSHOT</LayoutHandler>
			<ResourceType>ART_DEF_RESOURCE_AMBER</ResourceType>
			<Model>pl_med_mine_amber.fxsxml</Model>
			<TerrainContour>1</TerrainContour>
		</Row>
		<Row>
			<Era>Industrial</Era>
			<State>UnderConstruction</State>
			<Scale>1.0</Scale>
			<ImprovementType>ART_DEF_IMPROVEMENT_MINE</ImprovementType>
			<LayoutHandler>SNAPSHOT</LayoutHandler>
			<ResourceType>ART_DEF_RESOURCE_AMBER</ResourceType>
			<Model>hb_ind_mine_amber.fxsxml</Model>
			<TerrainContour>1</TerrainContour>
		</Row>
		<Row>
			<Era>Industrial</Era>
			<State>Constructed</State>
			<Scale>1.0</Scale>
			<ImprovementType>ART_DEF_IMPROVEMENT_MINE</ImprovementType>
			<LayoutHandler>SNAPSHOT</LayoutHandler>
			<ResourceType>ART_DEF_RESOURCE_AMBER</ResourceType>
			<Model>ind_mine_amber.fxsxml</Model>
			<TerrainContour>1</TerrainContour>
		</Row>
		<Row>
			<Era>Industrial</Era>
			<State>Pillaged</State>
			<Scale>1.0</Scale>
			<ImprovementType>ART_DEF_IMPROVEMENT_MINE</ImprovementType>
			<LayoutHandler>SNAPSHOT</LayoutHandler>
			<ResourceType>ART_DEF_RESOURCE_AMBER</ResourceType>
			<Model>pl_ind_mine_amber.fxsxml</Model>
			<TerrainContour>1</TerrainContour>
		</Row>
		<!-- JADE - - - - - - - - - - - - - - - - - - - - - - - - - - - -->
		<Row>
			<Era>Any</Era>
			<State>Any</State>
			<Scale>1.0</Scale>
			<ImprovementType>ART_DEF_IMPROVEMENT_NONE</ImprovementType>
			<LayoutHandler>SNAPSHOT</LayoutHandler>
			<ResourceType>ART_DEF_RESOURCE_JADE</ResourceType>
			<Model>jade.fxsxml</Model>
			<TerrainContour>1</TerrainContour>
		</Row>
		<Row>
			<Era>Ancient</Era>
			<State>UnderConstruction</State>
			<Scale>1.0</Scale>
			<ImprovementType>ART_DEF_IMPROVEMENT_MINE</ImprovementType>
			<LayoutHandler>SNAPSHOT</LayoutHandler>
			<ResourceType>ART_DEF_RESOURCE_JADE</ResourceType>
			<Model>hb_med_mine_jade.fxsxml</Model>
			<TerrainContour>1</TerrainContour>
		</Row>
		<Row>
			<Era>Ancient</Era>
			<State>Constructed</State>
			<Scale>1.0</Scale>
			<ImprovementType>ART_DEF_IMPROVEMENT_MINE</ImprovementType>
			<LayoutHandler>SNAPSHOT</LayoutHandler>
			<ResourceType>ART_DEF_RESOURCE_JADE</ResourceType>
			<Model>med_mine_jade.fxsxml</Model>
			<TerrainContour>1</TerrainContour>
		</Row>
		<Row>
			<Era>Ancient</Era>
			<State>Pillaged</State>
			<Scale>1.0</Scale>
			<ImprovementType>ART_DEF_IMPROVEMENT_MINE</ImprovementType>
			<LayoutHandler>SNAPSHOT</LayoutHandler>
			<ResourceType>ART_DEF_RESOURCE_JADE</ResourceType>
			<Model>pl_med_mine_jade.fxsxml</Model>
			<TerrainContour>1</TerrainContour>
		</Row>
		<Row>
			<Era>Industrial</Era>
			<State>UnderConstruction</State>
			<Scale>1.0</Scale>
			<ImprovementType>ART_DEF_IMPROVEMENT_MINE</ImprovementType>
			<LayoutHandler>SNAPSHOT</LayoutHandler>
			<ResourceType>ART_DEF_RESOURCE_JADE</ResourceType>
			<Model>hb_ind_mine_jade.fxsxml</Model>
			<TerrainContour>1</TerrainContour>
		</Row>
		<Row>
			<Era>Industrial</Era>
			<State>Constructed</State>
			<Scale>1.0</Scale>
			<ImprovementType>ART_DEF_IMPROVEMENT_MINE</ImprovementType>
			<LayoutHandler>SNAPSHOT</LayoutHandler>
			<ResourceType>ART_DEF_RESOURCE_JADE</ResourceType>
			<Model>ind_mine_jade.fxsxml</Model>
			<TerrainContour>1</TerrainContour>
		</Row>
		<Row>
			<Era>Industrial</Era>
			<State>Pillaged</State>
			<Scale>1.0</Scale>
			<ImprovementType>ART_DEF_IMPROVEMENT_MINE</ImprovementType>
			<LayoutHandler>SNAPSHOT</LayoutHandler>
			<ResourceType>ART_DEF_RESOURCE_JADE</ResourceType>
			<Model>pl_ind_mine_jade.fxsxml</Model>
			<TerrainContour>1</TerrainContour>
		</Row>
		<!-- OLIVE - - - - - - - - - - - - - - - - - - - - - - - - - - - -->
		<Row>
			<Era>Any</Era>
			<State>Any</State>
			<Scale>0.939999997615814</Scale>
			<ImprovementType>ART_DEF_IMPROVEMENT_NONE</ImprovementType>
			<LayoutHandler>SNAPSHOT</LayoutHandler>
			<ResourceType>ART_DEF_RESOURCE_OLIVE</ResourceType>
			<Model>olive.fxsxml</Model>
			<TerrainContour>1</TerrainContour>
		</Row>
		<Row>
			<Era>Ancient</Era>
			<State>UnderConstruction</State>
			<Scale>0.959999978542328</Scale>
			<ImprovementType>ART_DEF_IMPROVEMENT_PLANTATION</ImprovementType>
			<LayoutHandler>SNAPSHOT</LayoutHandler>
			<ResourceType>ART_DEF_RESOURCE_OLIVE</ResourceType>
			<Model>plantation_mid_olive_hb.fxsxml</Model>
			<TerrainContour>1</TerrainContour>
		</Row>
		<Row>
			<Era>Ancient</Era>
			<State>Constructed</State>
			<Scale>0.959999978542328</Scale>
			<ImprovementType>ART_DEF_IMPROVEMENT_PLANTATION</ImprovementType>
			<LayoutHandler>SNAPSHOT</LayoutHandler>
			<ResourceType>ART_DEF_RESOURCE_OLIVE</ResourceType>
			<Model>plantation_mid_olive.fxsxml</Model>
			<TerrainContour>1</TerrainContour>
		</Row>
		<Row>
			<Era>Ancient</Era>
			<State>Pillaged</State>
			<Scale>0.959999978542328</Scale>
			<ImprovementType>ART_DEF_IMPROVEMENT_PLANTATION</ImprovementType>
			<LayoutHandler>SNAPSHOT</LayoutHandler>
			<ResourceType>ART_DEF_RESOURCE_OLIVE</ResourceType>
			<Model>plantation_mid_olive_pil.fxsxml</Model>
			<TerrainContour>1</TerrainContour>
		</Row>
		<Row>
			<Era>Industrial</Era>
			<State>UnderConstruction</State>
			<Scale>0.959999978542328</Scale>
			<ImprovementType>ART_DEF_IMPROVEMENT_PLANTATION</ImprovementType>
			<LayoutHandler>SNAPSHOT</LayoutHandler>
			<ResourceType>ART_DEF_RESOURCE_OLIVE</ResourceType>
			<Model>plantation_ind_olive_hb.fxsxml</Model>
			<TerrainContour>1</TerrainContour>
		</Row>
		<Row>
			<Era>Industrial</Era>
			<State>Constructed</State>
			<Scale>0.959999978542328</Scale>
			<ImprovementType>ART_DEF_IMPROVEMENT_PLANTATION</ImprovementType>
			<LayoutHandler>SNAPSHOT</LayoutHandler>
			<ResourceType>ART_DEF_RESOURCE_OLIVE</ResourceType>
			<Model>plantation_ind_olive.fxsxml</Model>
			<TerrainContour>1</TerrainContour>
		</Row>
		<Row>
			<Era>Industrial</Era>
			<State>Pillaged</State>
			<Scale>0.959999978542328</Scale>
			<ImprovementType>ART_DEF_IMPROVEMENT_PLANTATION</ImprovementType>
			<LayoutHandler>SNAPSHOT</LayoutHandler>
			<ResourceType>ART_DEF_RESOURCE_OLIVE</ResourceType>
			<Model>plantation_ind_olive_pil.fxsxml</Model>
			<TerrainContour>1</TerrainContour>
		</Row>
		<!-- PERFUME - - - - - - - - - - - - - - - - - - - - - - - - - - - - - -->
		<Row>
			<Era>Any</Era>
			<State>Any</State>
			<Scale>0.939999997615814</Scale>
			<ImprovementType>ART_DEF_IMPROVEMENT_NONE</ImprovementType>
			<LayoutHandler>SNAPSHOT</LayoutHandler>
			<ResourceType>ART_DEF_RESOURCE_PERFUME</ResourceType>
			<Model>resource_perfume.fxsxml</Model>
			<TerrainContour>1</TerrainContour>
		</Row>
		<Row>
			<Era>Ancient</Era>
			<State>UnderConstruction</State>
			<Scale>0.959999978542328</Scale>
			<ImprovementType>ART_DEF_IMPROVEMENT_PLANTATION</ImprovementType>
			<LayoutHandler>SNAPSHOT</LayoutHandler>
			<ResourceType>ART_DEF_RESOURCE_PERFUME</ResourceType>
			<Model>hb_plantation_mid_perfume.fxsxml</Model>
			<TerrainContour>1</TerrainContour>
		</Row>
		<Row>
			<Era>Ancient</Era>
			<State>Constructed</State>
			<Scale>0.959999978542328</Scale>
			<ImprovementType>ART_DEF_IMPROVEMENT_PLANTATION</ImprovementType>
			<LayoutHandler>SNAPSHOT</LayoutHandler>
			<ResourceType>ART_DEF_RESOURCE_PERFUME</ResourceType>
			<Model>plantation_mid_perfume.fxsxml</Model>
			<TerrainContour>1</TerrainContour>
		</Row>
		<Row>
			<Era>Ancient</Era>
			<State>Pillaged</State>
			<Scale>0.959999978542328</Scale>
			<ImprovementType>ART_DEF_IMPROVEMENT_PLANTATION</ImprovementType>
			<LayoutHandler>SNAPSHOT</LayoutHandler>
			<ResourceType>ART_DEF_RESOURCE_PERFUME</ResourceType>
			<Model>pl_plantation_mid_perfume.fxsxml</Model>
			<TerrainContour>1</TerrainContour>
		</Row>
		<Row>
			<Era>Industrial</Era>
			<State>UnderConstruction</State>
			<Scale>0.959999978542328</Scale>
			<ImprovementType>ART_DEF_IMPROVEMENT_PLANTATION</ImprovementType>
			<LayoutHandler>SNAPSHOT</LayoutHandler>
			<ResourceType>ART_DEF_RESOURCE_PERFUME</ResourceType>
			<Model>hb_plantation_ind_perfume.fxsxml</Model>
			<TerrainContour>1</TerrainContour>
		</Row>
		<Row>
			<Era>Industrial</Era>
			<State>Constructed</State>
			<Scale>0.959999978542328</Scale>
			<ImprovementType>ART_DEF_IMPROVEMENT_PLANTATION</ImprovementType>
			<LayoutHandler>SNAPSHOT</LayoutHandler>
			<ResourceType>ART_DEF_RESOURCE_PERFUME</ResourceType>
			<Model>plantation_ind_perfume.fxsxml</Model>
			<TerrainContour>1</TerrainContour>
		</Row>
		<Row>
			<Era>Industrial</Era>
			<State>Pillaged</State>
			<Scale>0.959999978542328</Scale>
			<ImprovementType>ART_DEF_IMPROVEMENT_PLANTATION</ImprovementType>
			<LayoutHandler>SNAPSHOT</LayoutHandler>
			<ResourceType>ART_DEF_RESOURCE_PERFUME</ResourceType>
			<Model>pl_plantation_ind_perfume.fxsxml</Model>
			<TerrainContour>1</TerrainContour>
		</Row>
		<!-- CORAL - - - - - - - - - - - - - - - - - - - - - - - - - - - - - -->
		<Row>
			<Era>Ancient</Era>
			<State>Any</State>
			<Scale>0.0700000002980232</Scale>
			<ImprovementType>ART_DEF_IMPROVEMENT_FISHING_BOATS</ImprovementType>
			<LayoutHandler>ANIMATED</LayoutHandler>
			<ResourceType>ART_DEF_RESOURCE_CORAL</ResourceType>
			<Model>coral.fxsxml</Model>
			<TerrainContour>1</TerrainContour>
		</Row>
		<Row>
			<Era>Industrial</Era>
			<State>Any</State>
			<Scale>0.0700000002980232</Scale>
			<ImprovementType>ART_DEF_IMPROVEMENT_FISHING_BOATS</ImprovementType>
			<LayoutHandler>ANIMATED</LayoutHandler>
			<ResourceType>ART_DEF_RESOURCE_CORAL</ResourceType>
			<Model>coral_industrial.fxsxml</Model>
			<TerrainContour>1</TerrainContour>
		</Row>
		<Row>
			<Era>Ancient</Era>
			<State>Any</State>
			<Scale>0.0700000002980232</Scale>
			<ImprovementType>ART_DEF_IMPROVEMENT_NONE</ImprovementType>
			<LayoutHandler>ANIMATED</LayoutHandler>
			<ResourceType>ART_DEF_RESOURCE_CORAL</ResourceType>
			<Model>coral.fxsxml</Model>
			<TerrainContour>1</TerrainContour>
		</Row>
		<Row>
			<Era>Industrial</Era>
			<State>Any</State>
			<Scale>0.0700000002980232</Scale>
			<ImprovementType>ART_DEF_IMPROVEMENT_NONE</ImprovementType>
			<LayoutHandler>ANIMATED</LayoutHandler>
			<ResourceType>ART_DEF_RESOURCE_CORAL</ResourceType>
			<Model>coral_industrial.fxsxml</Model>
			<TerrainContour>1</TerrainContour>
		</Row>
		<!-- LAPIS - - - - - - - - - - - - - - - - - - - - - - - - - - - - - -->
		<Row>
			<Era>Ancient</Era>
			<State>UnderConstruction</State>
			<Scale>1.0</Scale>
			<ImprovementType>ART_DEF_IMPROVEMENT_MINE</ImprovementType>
			<LayoutHandler>SNAPSHOT</LayoutHandler>
			<ResourceType>ART_DEF_RESOURCE_LAPIS</ResourceType>
			<Model>hb_med_mine_lapis.fxsxml</Model>
			<TerrainContour>1</TerrainContour>
		</Row>
		<Row>
			<Era>Ancient</Era>
			<State>Constructed</State>
			<Scale>1.0</Scale>
			<ImprovementType>ART_DEF_IMPROVEMENT_MINE</ImprovementType>
			<LayoutHandler>SNAPSHOT</LayoutHandler>
			<ResourceType>ART_DEF_RESOURCE_LAPIS</ResourceType>
			<Model>med_mine_lapis.fxsxml</Model>
			<TerrainContour>1</TerrainContour>
		</Row>
		<Row>
			<Era>Ancient</Era>
			<State>Pillaged</State>
			<Scale>1.0</Scale>
			<ImprovementType>ART_DEF_IMPROVEMENT_MINE</ImprovementType>
			<LayoutHandler>SNAPSHOT</LayoutHandler>
			<ResourceType>ART_DEF_RESOURCE_LAPIS</ResourceType>
			<Model>pl_med_mine_lapis.fxsxml</Model>
			<TerrainContour>1</TerrainContour>
		</Row>
		<Row>
			<Era>Industrial</Era>
			<State>UnderConstruction</State>
			<Scale>1.0</Scale>
			<ImprovementType>ART_DEF_IMPROVEMENT_MINE</ImprovementType>
			<LayoutHandler>SNAPSHOT</LayoutHandler>
			<ResourceType>ART_DEF_RESOURCE_LAPIS</ResourceType>
			<Model>hb_ind_mine_lapis.fxsxml</Model>
			<TerrainContour>1</TerrainContour>
		</Row>
		<Row>
			<Era>Industrial</Era>
			<State>Constructed</State>
			<Scale>1.0</Scale>
			<ImprovementType>ART_DEF_IMPROVEMENT_MINE</ImprovementType>
			<LayoutHandler>SNAPSHOT</LayoutHandler>
			<ResourceType>ART_DEF_RESOURCE_LAPIS</ResourceType>
			<Model>ind_mine_lapis.fxsxml</Model>
			<TerrainContour>1</TerrainContour>
		</Row>
		<Row>
			<Era>Industrial</Era>
			<State>Pillaged</State>
			<Scale>1.0</Scale>
			<ImprovementType>ART_DEF_IMPROVEMENT_MINE</ImprovementType>
			<LayoutHandler>SNAPSHOT</LayoutHandler>
			<ResourceType>ART_DEF_RESOURCE_LAPIS</ResourceType>
			<Model>pl_ind_mine_lapis.fxsxml</Model>
			<TerrainContour>1</TerrainContour>
		</Row>
		<Row>
			<Era>Any</Era>
			<State>Any</State>
			<Scale>1.0</Scale>
			<ImprovementType>ART_DEF_IMPROVEMENT_NONE</ImprovementType>
			<LayoutHandler>SNAPSHOT</LayoutHandler>
			<ResourceType>ART_DEF_RESOURCE_LAPIS</ResourceType>
			<Model>lapis.fxsxml</Model>
			<TerrainContour>1</TerrainContour>
		</Row>
		<!-- SUGAR - - - - - - - - - - - - - - - - - - - - - - - - - - - - - -->
		<Row>
			<Era>Any</Era>
			<State>Any</State>
			<Scale>0.980000019073486</Scale>
			<ImprovementType>ART_DEF_IMPROVEMENT_NONE</ImprovementType>
			<LayoutHandler>SNAPSHOT</LayoutHandler>
			<ResourceType>ART_DEF_RESOURCE_SUGAR_ALT</ResourceType>
			<Model>resource_sugar_alt.fxsxml</Model>
			<TerrainContour>1</TerrainContour>
		</Row>
		<Row>
			<Era>Ancient</Era>
			<State>UnderConstruction</State>
			<Scale>0.959999978542328</Scale>
			<ImprovementType>ART_DEF_IMPROVEMENT_PLANTATION</ImprovementType>
			<LayoutHandler>SNAPSHOT</LayoutHandler>
			<ResourceType>ART_DEF_RESOURCE_SUGAR_ALT</ResourceType>
			<Model>hb_plantation_mid_sugar_alt.fxsxml</Model>
			<TerrainContour>1</TerrainContour>
		</Row>
		<Row>
			<Era>Ancient</Era>
			<State>Constructed</State>
			<Scale>0.959999978542328</Scale>
			<ImprovementType>ART_DEF_IMPROVEMENT_PLANTATION</ImprovementType>
			<LayoutHandler>SNAPSHOT</LayoutHandler>
			<ResourceType>ART_DEF_RESOURCE_SUGAR_ALT</ResourceType>
			<Model>plantation_mid_sugar_alt.fxsxml</Model>
			<TerrainContour>1</TerrainContour>
		</Row>
		<Row>
			<Era>Ancient</Era>
			<State>Pillaged</State>
			<Scale>0.959999978542328</Scale>
			<ImprovementType>ART_DEF_IMPROVEMENT_PLANTATION</ImprovementType>
			<LayoutHandler>SNAPSHOT</LayoutHandler>
			<ResourceType>ART_DEF_RESOURCE_SUGAR_ALT</ResourceType>
			<Model>pl_plantation_mid_sugar_alt.fxsxml</Model>
			<TerrainContour>1</TerrainContour>
		</Row>
		<Row>
			<Era>Industrial</Era>
			<State>UnderConstruction</State>
			<Scale>0.959999978542328</Scale>
			<ImprovementType>ART_DEF_IMPROVEMENT_PLANTATION</ImprovementType>
			<LayoutHandler>SNAPSHOT</LayoutHandler>
			<ResourceType>ART_DEF_RESOURCE_SUGAR_ALT</ResourceType>
			<Model>hb_plantation_ind_sugar_alt.fxsxml</Model>
			<TerrainContour>1</TerrainContour>
		</Row>
		<Row>
			<Era>Industrial</Era>
			<State>Constructed</State>
			<Scale>0.959999978542328</Scale>
			<ImprovementType>ART_DEF_IMPROVEMENT_PLANTATION</ImprovementType>
			<LayoutHandler>SNAPSHOT</LayoutHandler>
			<ResourceType>ART_DEF_RESOURCE_SUGAR_ALT</ResourceType>
			<Model>plantation_ind_sugar_alt.fxsxml</Model>
			<TerrainContour>1</TerrainContour>
		</Row>
		<Row>
			<Era>Industrial</Era>
			<State>Pillaged</State>
			<Scale>0.959999978542328</Scale>
			<ImprovementType>ART_DEF_IMPROVEMENT_PLANTATION</ImprovementType>
			<LayoutHandler>SNAPSHOT</LayoutHandler>
			<ResourceType>ART_DEF_RESOURCE_SUGAR_ALT</ResourceType>
			<Model>pl_plantation_ind_sugar_alt.fxsxml</Model>
			<TerrainContour>1</TerrainContour>
		</Row>
	</ArtDefine_Landmarks>
	
	<ArtDefine_LandmarkTypes>
		<Row>
			<Type>ART_DEF_RESOURCE_COFFEE</Type>
			<LandmarkType>Resource</LandmarkType>
			<FriendlyName>Coffee</FriendlyName>
		</Row>
		<Row>
			<Type>ART_DEF_RESOURCE_TEA</Type>
			<LandmarkType>Resource</LandmarkType>
			<FriendlyName>Tea</FriendlyName>
		</Row>
		<Row>
			<Type>ART_DEF_RESOURCE_TOBACCO</Type>
			<LandmarkType>Resource</LandmarkType>
			<FriendlyName>Tobacco</FriendlyName>
		</Row>
		<Row>
			<Type>ART_DEF_RESOURCE_AMBER</Type>
			<LandmarkType>Resource</LandmarkType>
			<FriendlyName>Amber</FriendlyName>
		</Row>
		<Row>
			<Type>ART_DEF_RESOURCE_JADE</Type>
			<LandmarkType>Resource</LandmarkType>
			<FriendlyName>Jade</FriendlyName>
		</Row>
		<Row>
			<Type>ART_DEF_RESOURCE_OLIVE</Type>
			<LandmarkType>Resource</LandmarkType>
			<FriendlyName>Olives</FriendlyName>
		</Row>
		<Row>
			<Type>ART_DEF_RESOURCE_PERFUME</Type>
			<LandmarkType>Resource</LandmarkType>
			<FriendlyName>Perfume</FriendlyName>
		</Row>
		<Row>
			<Type>ART_DEF_RESOURCE_CORAL</Type>
			<LandmarkType>Resource</LandmarkType>
			<FriendlyName>Coral</FriendlyName>
		</Row>
		<Row>
			<Type>ART_DEF_RESOURCE_LAPIS</Type>
			<LandmarkType>Resource</LandmarkType>
			<FriendlyName>Lapis Lazuli</FriendlyName>
		</Row>
		<Row>
			<Type>ART_DEF_RESOURCE_SUGAR_ALT</Type>
			<LandmarkType>Resource</LandmarkType>
			<FriendlyName>Sugar</FriendlyName>
		</Row>
	</ArtDefine_LandmarkTypes>
	
	<ArtDefine_StrategicView>
		<Row>
			<StrategicViewType>ART_DEF_RESOURCE_COFFEE</StrategicViewType>
			<TileType>Resource</TileType>
			<Asset>sv_coffee.dds</Asset>
		</Row>
		<Row>
			<StrategicViewType>ART_DEF_RESOURCE_TEA</StrategicViewType>
			<TileType>Resource</TileType>
			<Asset>sv_tea.dds</Asset>
		</Row>
		<Row>
			<StrategicViewType>ART_DEF_RESOURCE_TOBACCO</StrategicViewType>
			<TileType>Resource</TileType>
			<Asset>sv_tobacco.dds</Asset>
		</Row>
		<Row>
			<StrategicViewType>ART_DEF_RESOURCE_AMBER</StrategicViewType>
			<TileType>Resource</TileType>
			<Asset>sv_amber.dds</Asset>
		</Row>
		<Row>
			<StrategicViewType>ART_DEF_RESOURCE_JADE</StrategicViewType>
			<TileType>Resource</TileType>
			<Asset>sv_jade.dds</Asset>
		</Row>
		<Row>
			<StrategicViewType>ART_DEF_RESOURCE_OLIVE</StrategicViewType>
			<TileType>Resource</TileType>
			<Asset>sv_olive.dds</Asset>
		</Row>
		<Row>
			<StrategicViewType>ART_DEF_RESOURCE_PERFUME</StrategicViewType>
			<TileType>Resource</TileType>
			<Asset>sv_perfume.dds</Asset>
		</Row>
		<Row>
			<StrategicViewType>ART_DEF_RESOURCE_CORAL</StrategicViewType>
			<TileType>Resource</TileType>
			<Asset>sv_coral.dds</Asset>
		</Row>
		<Row>
			<StrategicViewType>ART_DEF_RESOURCE_LAPIS</StrategicViewType>
			<TileType>Resource</TileType>
			<Asset>sv_lapis.dds</Asset>
		</Row>
		<Row>
			<StrategicViewType>ART_DEF_RESOURCE_SUGAR_ALT</StrategicViewType>
			<TileType>Resource</TileType>
			<Asset>sv_sugar.dds</Asset>
		</Row>
	</ArtDefine_StrategicView>
	
</GameData>