<?xml version="1.0" encoding="utf-8"?>
<!-- Created by ModBuddy on 12/09/17 2:15:31 PM -->
<GameData>
	
	<UnitClasses>
		<Row>
			<Type>UNITCLASS_EXOTIC_UNIT_FLYING_CIRCUS</Type>
			<Description>TXT_KEY_UNIT_EXOTIC_UNIT_FLYING_CIRCUS</Description>
			<DefaultUnit>NONE</DefaultUnit>
			<!--<MaxPlayerInstances>2</MaxPlayerInstances>-->
		</Row>
	</UnitClasses>

	<Units>
		<Row>
			<Type>UNIT_EXOTIC_UNIT_FLYING_CIRCUS</Type>
			<Class>UNITCLASS_EXOTIC_UNIT_FLYING_CIRCUS</Class>
			<PrereqTech>TECH_STEAM_POWER</PrereqTech>
			<ObsoleteTech>TECH_LASERS</ObsoleteTech>
			<Combat>0</Combat>
			<RangedCombat>35</RangedCombat>
			<Range>5</Range>
			<Moves>2</Moves>
			<Cost>325</Cost>			
			<!--<FaithCost>650</FaithCost>
			<RequiresFaithPurchaseEnabled>true</RequiresFaithPurchaseEnabled>-->
			<Special>SPECIALUNIT_FIGHTER</Special>
			<Immobile>true</Immobile>
			<AirInterceptRange>5</AirInterceptRange>
			<CombatClass>UNITCOMBAT_FIGHTER</CombatClass>
			<Domain>DOMAIN_AIR</Domain>
			<DefaultUnitAI>UNITAI_DEFENSE_AIR</DefaultUnitAI>
			<Description>TXT_KEY_UNIT_EXOTIC_UNIT_FLYING_CIRCUS</Description>
			<Civilopedia>TXT_KEY_UNIT_EXOTIC_UNIT_FLYING_CIRCUS_PEDIA</Civilopedia>
			<Strategy>TXT_KEY_UNIT_EXOTIC_UNIT_FLYING_CIRCUS_STRATEGY</Strategy>
			<Help>TXT_KEY_UNIT_EXOTIC_UNIT_FLYING_CIRCUS_HELP</Help>

			<IsMercUnit>true</IsMercUnit>
			<PurchaseOnly>true</PurchaseOnly>
			<!--<MoveAfterPurchase>true</MoveAfterPurchase>-->
			<MilitarySupport>true</MilitarySupport>
			<MilitaryProduction>true</MilitaryProduction>
			<NoMaintenance>true</NoMaintenance>
			<!--<Pillage>true</Pillage>-->

			<Mechanized>true</Mechanized>
			<IgnoreBuildingDefense>true</IgnoreBuildingDefense>
			<AirUnitCap>1</AirUnitCap>
			<RangedCombatLimit>100</RangedCombatLimit>
			<CombatLimit>0</CombatLimit>
			
			<AdvancedStartCost>10</AdvancedStartCost>
			<HurryCostModifier>10</HurryCostModifier>
			<XPValueAttack>3</XPValueAttack>
			<XPValueDefense>2</XPValueDefense>
			<UnitArtInfo>ART_DEF_UNIT_SMOKEY_STEAM_FIGHTER</UnitArtInfo>
			<MoveRate>AIR_REBASE</MoveRate>
			<IconAtlas>SMAN_EXOTIC_UNIT_ATLAS</IconAtlas>
			<PortraitIndex>44</PortraitIndex>
			<UnitFlagAtlas>SMAN_EXOTIC_UNIT_FLAG_ATLAS</UnitFlagAtlas>
			<UnitFlagIconOffset>36</UnitFlagIconOffset>
		</Row>
	</Units>

	<Unit_BuildingClassRequireds>
		<Row>
			<UnitType>UNIT_EXOTIC_UNIT_FLYING_CIRCUS</UnitType>
			<BuildingClassType>BUILDINGCLASS_SMAN_EU_MERC_CONSULATE</BuildingClassType>
		</Row>
	</Unit_BuildingClassRequireds>

	<Unit_AITypes>
		<Row>
			<UnitType>UNIT_EXOTIC_UNIT_FLYING_CIRCUS</UnitType>
			<UnitAIType>UNITAI_DEFENSE_AIR</UnitAIType>
		</Row>
		<Row>
			<UnitType>UNIT_EXOTIC_UNIT_FLYING_CIRCUS</UnitType>
			<UnitAIType>UNITAI_CARRIER_AIR</UnitAIType>
		</Row>
	</Unit_AITypes>

	<Unit_Flavors>
		<Row>
			<UnitType>UNIT_EXOTIC_UNIT_FLYING_CIRCUS</UnitType>
			<FlavorType>FLAVOR_OFFENSE</FlavorType>
			<Flavor>5</Flavor>
		</Row>
		<Row>
			<UnitType>UNIT_EXOTIC_UNIT_FLYING_CIRCUS</UnitType>
			<FlavorType>FLAVOR_DEFENSE</FlavorType>
			<Flavor>5</Flavor>
		</Row>
		<Row>
			<UnitType>UNIT_EXOTIC_UNIT_FLYING_CIRCUS</UnitType>
			<FlavorType>FLAVOR_AIR</FlavorType>
			<Flavor>10</Flavor>
		</Row>
		<Row>
			<UnitType>UNIT_EXOTIC_UNIT_FLYING_CIRCUS</UnitType>
			<FlavorType>FLAVOR_ANTIAIR</FlavorType>
			<Flavor>12</Flavor>
		</Row>
	</Unit_Flavors>

	<Unit_FreePromotions>
		<Row>
			<UnitType>UNIT_EXOTIC_UNIT_FLYING_CIRCUS</UnitType>
			<PromotionType>PROMOTION_INTERCEPTION_III</PromotionType>
		</Row>
		<Row>
			<UnitType>UNIT_EXOTIC_UNIT_FLYING_CIRCUS</UnitType>
			<PromotionType>PROMOTION_AIR_SWEEP</PromotionType>
		</Row>
		<Row>
			<UnitType>UNIT_EXOTIC_UNIT_FLYING_CIRCUS</UnitType>
			<PromotionType>PROMOTION_ANTI_AIR_II</PromotionType>
		</Row>
	</Unit_FreePromotions>

	<UnitGameplay2DScripts>
		<Row>
			<UnitType>UNIT_EXOTIC_UNIT_FLYING_CIRCUS</UnitType>
			<SelectionSound>AS2D_SELECT_FIGHTER</SelectionSound>
			<FirstSelectionSound>AS2D_BIRTH_FIGHTER</FirstSelectionSound>
		</Row>
	</UnitGameplay2DScripts>


	<Language_en_US>
		<Row Tag="TXT_KEY_UNIT_EXOTIC_UNIT_FLYING_CIRCUS">
			<Text>Flying Circus</Text>
		</Row>
		<Row Tag="TXT_KEY_UNIT_EXOTIC_UNIT_FLYING_CIRCUS_HELP">
			<Text>Early air unit designed to intercept incoming enemy aircraft. Price shown is how much it costs to hire this unit for 20 turns.</Text>
		</Row>
		<Row Tag="TXT_KEY_UNIT_EXOTIC_UNIT_FLYING_CIRCUS_STRATEGY">
			<Text>The Flying Circus is an early air unit. It can be based in any city you own or aboard an aircraft carrier. It can move from city to city, or carrier, and can perform 'missions' within its range of 5 tiles. Use the Flying Circus to attack enemy aircraft and ground units, to scout enemy positions, and to defend against enemy air attacks. See the rules on Aircraft for more information.</Text>
		</Row>
		<Row Tag="TXT_KEY_UNIT_EXOTIC_UNIT_FLYING_CIRCUS_PEDIA">
			<Text>
				The Flying Circus is a Modern Era Fighter unit, available when the civilization discovers Steam Power. The Mercenary Consulate is required for this unit to be built. The Flying Circus becomes obsolete upon the discovery of Lasers.[NEWLINE][NEWLINE]
				Jagdgeschwader 1, or JG 1, of World War I, was a fighter wing of the German Luftstreitkraefte, comprising four Jastas, or fighter squadrons. The first unit of its type formed under that classification, JG I was formed on 24 June 1917, with Manfred von Richthofen as commanding officer, by combining Jastas 4, 6, 10 and 11. JG 1 became known as 'The Flying Circus' or 'Richthofen's Circus' because of the bright colours of its aircraft, and perhaps also because of the way the unit was transferred from one area of Allied air activity to another, moving like a travelling circus in trains, and frequently setting up in tents on improvised airfields.
			</Text>
		</Row>
	</Language_en_US>
  
</GameData>