<?xml version="1.0" encoding="utf-8"?>
<!-- Created by ModBuddy on 12/08/17 7:00:36 AM -->
<GameData>
	
	<UnitClasses>
		<Row>
			<Type>UNITCLASS_EXOTIC_UNIT_CONDOTTIERI</Type>
			<Description>TXT_KEY_UNIT_EXOTIC_UNIT_CONDOTTIERI</Description>
			<DefaultUnit>NONE</DefaultUnit>
			<!--<MaxPlayerInstances>3</MaxPlayerInstances>-->
		</Row>
	</UnitClasses>
	<Units>
		<Row>
			<Class>UNITCLASS_EXOTIC_UNIT_CONDOTTIERI</Class>
			<Type>UNIT_EXOTIC_UNIT_CONDOTTIERI</Type>
			<Combat>22</Combat>
			<Moves>2</Moves>
			<Cost>120</Cost>
			<!--<FaithCost>240</FaithCost>
			<RequiresFaithPurchaseEnabled>true</RequiresFaithPurchaseEnabled>-->
			<PrereqTech>TECH_STEEL</PrereqTech>
			<ObsoleteTech>TECH_RIFLING</ObsoleteTech>
			<CombatClass>UNITCOMBAT_MELEE</CombatClass>
			<Domain>DOMAIN_LAND</Domain>
			<DefaultUnitAI>UNITAI_ATTACK</DefaultUnitAI>
			<Description>TXT_KEY_UNIT_EXOTIC_UNIT_CONDOTTIERI</Description>
			<Civilopedia>TXT_KEY_UNIT_EXOTIC_UNIT_CONDOTTIERI_PEDIA</Civilopedia>
			<Strategy>TXT_KEY_UNIT_EXOTIC_UNIT_CONDOTTIERI_STRATEGY</Strategy>
			<Help>TXT_KEY_UNIT_EXOTIC_UNIT_CONDOTTIERI_HELP</Help>

			<IsMercUnit>true</IsMercUnit>
			<PurchaseOnly>true</PurchaseOnly>
			<MoveAfterPurchase>true</MoveAfterPurchase>
			<MilitarySupport>true</MilitarySupport>
			<MilitaryProduction>true</MilitaryProduction>
			<NoMaintenance>true</NoMaintenance>
			<Pillage>true</Pillage>

			<AdvancedStartCost>10</AdvancedStartCost>
			<HurryCostModifier>10</HurryCostModifier>
			<MinAreaSize>-1</MinAreaSize>
			<XPValueAttack>3</XPValueAttack>
			<XPValueDefense>3</XPValueDefense>
			<UnitArtInfo>ART_DEF_UNIT_EXOTIC_UNIT_CONDOTTIERI</UnitArtInfo>
			<IconAtlas>SMAN_EXOTIC_UNIT_ATLAS</IconAtlas>
			<PortraitIndex>35</PortraitIndex>
			<UnitFlagAtlas>SMAN_EXOTIC_UNIT_FLAG_ATLAS</UnitFlagAtlas>
			<UnitFlagIconOffset>27</UnitFlagIconOffset>
			<MoveRate>BIPED</MoveRate>
		</Row>
	</Units>

	<Unit_BuildingClassRequireds>
		<Row>
			<UnitType>UNIT_EXOTIC_UNIT_CONDOTTIERI</UnitType>
			<BuildingClassType>BUILDINGCLASS_SMAN_EU_MERC_GUILD</BuildingClassType>
		</Row>
	</Unit_BuildingClassRequireds>

	<Unit_AITypes>
		<Row>
			<UnitType>UNIT_EXOTIC_UNIT_CONDOTTIERI</UnitType>
			<UnitAIType>UNITAI_ATTACK</UnitAIType>
		</Row>
		<Row>
			<UnitType>UNIT_EXOTIC_UNIT_CONDOTTIERI</UnitType>
			<UnitAIType>UNITAI_DEFENSE</UnitAIType>
		</Row>
	</Unit_AITypes>

	<Unit_Flavors>
		<Row>
			<UnitType>UNIT_EXOTIC_UNIT_CONDOTTIERI</UnitType>
			<FlavorType>FLAVOR_OFFENSE</FlavorType>
			<Flavor>9</Flavor>
		</Row>
		<Row>
			<UnitType>UNIT_EXOTIC_UNIT_CONDOTTIERI</UnitType>
			<FlavorType>FLAVOR_DEFENSE</FlavorType>
			<Flavor>7</Flavor>
		</Row>
	</Unit_Flavors>

	<!--
	<Unit_FreePromotions>
		<Row>
			<UnitType>UNIT_EXOTIC_UNIT_CONDOTTIERI</UnitType>
			<PromotionType>PROMOTION_OCEAN_IMPASSABLE</PromotionType>
		</Row>
	</Unit_FreePromotions>
	-->

	<UnitGameplay2DScripts>
		<Row>
			<UnitType>UNIT_EXOTIC_UNIT_CONDOTTIERI</UnitType>
			<SelectionSound>AS2D_SELECT_LONGSWORDSMAN</SelectionSound>
			<FirstSelectionSound>AS2D_BIRTH_LONGSWORDSMAN</FirstSelectionSound>
		</Row>
	</UnitGameplay2DScripts>


	<Language_en_US>
		<Row Tag="TXT_KEY_UNIT_EXOTIC_UNIT_CONDOTTIERI">
			<Text>Condottieri</Text>
		</Row>
		<Row Tag="TXT_KEY_UNIT_EXOTIC_UNIT_CONDOTTIERI_HELP">
			<Text>Medieval Mercenary melee unit. Price shown is how much it costs to hire this unit for 20 turns.</Text>
		</Row>
		<Row Tag="TXT_KEY_UNIT_EXOTIC_UNIT_CONDOTTIERI_STRATEGY">
			<Text>
				Use the Condottieri to route your enemies beneath their hooves. Although this unit requires a Medieval Era technology to build, it also requires a Renaissance Era building in the city. This delays the appeance of this unit until the discovery of Astronomy.
			</Text>
		</Row>
		<Row Tag="TXT_KEY_UNIT_EXOTIC_UNIT_CONDOTTIERI_PEDIA">
			<Text>
				The Condottieri is a Renaissance era Mercenary melee unit, available upon the discovery of Steel. The Mercenary Guild is required for this unit to be built. The Condottieri becomes obsolete upon the discovery of Rifling.[NEWLINE][NEWLINE]
				Condottieri were the leaders of the professional military free companies, or mercenaries, contracted by the Italian city-states and the Papacy from the late Middle Ages and throughout the Renaissance. In Renaissance Italian, condottiero meant 'contractor.' [NEWLINE][NEWLINE]In the thirteenth and fourteenth centuries, the Italian city-states of Venice, Florence, and Genoa were very rich from their trade with the Levant, yet possessed woefully small armies. In the event that foreign powers and envious neighbors attacked, the ruling nobles hired foreign mercenaries to fight for them. The military-service terms and conditions were stipulated in a condotta, or contract, between the city-state and the soldiers, thus, the contracted leader, the mercenary captain commanding, was titled the Condottiere.[NEWLINE][NEWLINE]In time, the financial and political interests of the condottieri proved serious drawbacks to decisive, bloody warfare. The mercenary captains often were treacherous, tending to avoid combat, and 'resolve' fights with a bribe, either for the opponent or for themselves. Towards the end of the 15th century, when the large cities had gradually swallowed up the small states, and Italy itself was drawn into the general current of European politics, and became the battlefield of powerful armies, French, Spanish and German, the condottieri, who in the end proved quite unequal to the gendarmerie of France and the improved troops of the Italian states, gradually disappeared.
			</Text>
		</Row>
	</Language_en_US>

</GameData>