<?xml version="1.0" encoding="utf-8"?>
<!-- Created by ModBuddy on 12/09/17 2:15:31 PM -->
<GameData>
	
	<UnitClasses>
		<Row>
			<Type>UNITCLASS_EXOTIC_UNIT_ZEPPELIN</Type>
			<Description>TXT_KEY_UNIT_EXOTIC_UNIT_ZEPPELIN</Description>
			<DefaultUnit>NONE</DefaultUnit>
			<!--<MaxPlayerInstances>2</MaxPlayerInstances>-->
		</Row>
	</UnitClasses>

	<Units>
		<Row>
			<Type>UNIT_EXOTIC_UNIT_ZEPPELIN</Type>
			<Class>UNITCLASS_EXOTIC_UNIT_ZEPPELIN</Class>
			<PrereqTech>TECH_STEAM_POWER</PrereqTech>
			<ObsoleteTech>TECH_RADAR</ObsoleteTech>
			<Combat>45</Combat>
			<RangedCombat>65</RangedCombat>
			<Range>2</Range>
			<Cost>240</Cost>
			<!--<FaithCost>480</FaithCost>
			<RequiresFaithPurchaseEnabled>true</RequiresFaithPurchaseEnabled>-->
			<Moves>4</Moves>
			<BaseSightRange>3</BaseSightRange>
			<CombatClass>UNITCOMBAT_HELICOPTER</CombatClass>
			<Domain>DOMAIN_HOVER</Domain>
			<DefaultUnitAI>UNITAI_FAST_ATTACK</DefaultUnitAI>
			<Description>TXT_KEY_UNIT_EXOTIC_UNIT_ZEPPELIN</Description>
			<Civilopedia>TXT_KEY_UNIT_EXOTIC_UNIT_ZEPPELIN_PEDIA</Civilopedia>
			<Strategy>TXT_KEY_UNIT_EXOTIC_UNIT_ZEPPELIN_STRATEGY</Strategy>
			<Help>TXT_KEY_UNIT_EXOTIC_UNIT_ZEPPELIN_HELP</Help>

			<IsMercUnit>true</IsMercUnit>
			<PurchaseOnly>true</PurchaseOnly>
			<!--<MoveAfterPurchase>true</MoveAfterPurchase>-->
			<MilitarySupport>true</MilitarySupport>
			<MilitaryProduction>true</MilitaryProduction>
			<NoMaintenance>true</NoMaintenance>
			<Pillage>true</Pillage>
			<IgnoreBuildingDefense>true</IgnoreBuildingDefense>
			
			<AdvancedStartCost>10</AdvancedStartCost>
			<HurryCostModifier>10</HurryCostModifier>
			<XPValueAttack>3</XPValueAttack>
			<XPValueDefense>3</XPValueDefense>
			<UnitArtInfo>ART_DEF_UNIT_SMOKEY_STEAM_AIRSHIP_LEVEL_1</UnitArtInfo>
			<MoveRate>WHEELED</MoveRate>
			<IconAtlas>SMAN_EXOTIC_UNIT_ATLAS</IconAtlas>
			<PortraitIndex>41</PortraitIndex>
			<UnitFlagAtlas>SMAN_EXOTIC_UNIT_FLAG_ATLAS</UnitFlagAtlas>
			<UnitFlagIconOffset>33</UnitFlagIconOffset>
		</Row>
	</Units>

	<Unit_BuildingClassRequireds>
		<Row>
			<UnitType>UNIT_EXOTIC_UNIT_ZEPPELIN</UnitType>
			<BuildingClassType>BUILDINGCLASS_SMAN_EU_SHIPYARD</BuildingClassType>
		</Row>
	</Unit_BuildingClassRequireds>

	<Unit_AITypes>
		<Row>
			<UnitType>UNIT_EXOTIC_UNIT_ZEPPELIN</UnitType>
			<UnitAIType>UNITAI_CARRIER_SEA</UnitAIType>
		</Row>
		<Row>
			<UnitType>UNIT_EXOTIC_UNIT_ZEPPELIN</UnitType>
			<UnitAIType>UNITAI_FAST_ATTACK</UnitAIType>
		</Row>
		<Row>
			<UnitType>UNIT_EXOTIC_UNIT_ZEPPELIN</UnitType>
			<UnitAIType>UNITAI_ATTACK_SEA</UnitAIType>
		</Row>
		<Row>
			<UnitType>UNIT_EXOTIC_UNIT_ZEPPELIN</UnitType>
			<UnitAIType>UNITAI_EXPLORE_SEA</UnitAIType>
		</Row>
		<Row>
			<UnitType>UNIT_EXOTIC_UNIT_ZEPPELIN</UnitType>
			<UnitAIType>UNITAI_ESCORT_SEA</UnitAIType>
		</Row>
	</Unit_AITypes>

	<Unit_Flavors>
		<Row>
			<UnitType>UNIT_EXOTIC_UNIT_ZEPPELIN</UnitType>
			<FlavorType>FLAVOR_OFFENSE</FlavorType>
			<Flavor>12</Flavor>
		</Row>
		<Row>
			<UnitType>UNIT_EXOTIC_UNIT_ZEPPELIN</UnitType>
			<FlavorType>FLAVOR_DEFENSE</FlavorType>
			<Flavor>12</Flavor>
		</Row>
		<Row>
			<UnitType>UNIT_EXOTIC_UNIT_ZEPPELIN</UnitType>
			<FlavorType>FLAVOR_MOBILE</FlavorType>
			<Flavor>10</Flavor>
		</Row>
		<Row>
			<UnitType>UNIT_EXOTIC_UNIT_ZEPPELIN</UnitType>
			<FlavorType>FLAVOR_NAVAL</FlavorType>
			<Flavor>18</Flavor>
		</Row>
		<Row>
			<UnitType>UNIT_EXOTIC_UNIT_ZEPPELIN</UnitType>
			<FlavorType>FLAVOR_NAVAL_RECON</FlavorType>
			<Flavor>6</Flavor>
		</Row>
	</Unit_Flavors>

	<Unit_FreePromotions>
		<Row>
			<UnitType>UNIT_EXOTIC_UNIT_ZEPPELIN</UnitType>
			<PromotionType>PROMOTION_EXOTIC_UNIT_ZEPPELIN_PROMOTION</PromotionType>
		</Row>			
	</Unit_FreePromotions>

	<UnitGameplay2DScripts>
		<Row>
			<UnitType>UNIT_EXOTIC_UNIT_ZEPPELIN</UnitType>
			<SelectionSound>AS2D_SELECT_BOMBER</SelectionSound>
			<FirstSelectionSound>AS2D_BIRTH_BOMBER</FirstSelectionSound>
		</Row>
	</UnitGameplay2DScripts>


	<Language_en_US>
		<Row Tag="TXT_KEY_UNIT_EXOTIC_UNIT_ZEPPELIN">
			<Text>Zeppelin</Text>
		</Row>
		<Row Tag="TXT_KEY_UNIT_EXOTIC_UNIT_ZEPPELIN_HELP">
			<Text>First airship unit, able to move over land and sea. Powerful against cities and land targets, but vulnerable to enemy air units. Price shown is how much it costs to hire this unit for 20 turns.</Text>
		</Row>
		<Row Tag="TXT_KEY_UNIT_EXOTIC_UNIT_ZEPPELIN_STRATEGY">
			<Text>The Zeppelin is able to move over land and sea, shortening the distance needed to travel to the battlefield and opening up chances to strike enemies from a direction they do not expect. Its large cannons can rain destruction down on targets below. Fighters and Anti-Air units pose a threat, so take them out early or bring other unit types for support.</Text>
		</Row>
		<Row Tag="TXT_KEY_UNIT_EXOTIC_UNIT_ZEPPELIN_PEDIA">
			<Text>
				The Zeppelin is an Industrial era hovering melee unit, available when the civilization discovers the Steam Power. The air-based nature of this unit allows it to see units 3 tiles away. Its other capabilities include the ability to move after attacking, move over all terrain, and all tiles cost 1 move. It receives no defensive terrain bonuses and is unable to capture cities. The Shipyard is required for this unit to be built. The Zeppelin becomes obsolete upon the discovery of Radar.[NEWLINE][NEWLINE]
				A Zeppelin was a type of rigid airship named after the German Count Ferdinand von Zeppelin who pioneered rigid airship development at the beginning of the 20th century. Zeppelin's notions were first formulated in 1874 and developed in detail in 1893. They were patented in Germany in 1895 and in the United States in 1899. After the outstanding success of the Zeppelin design, the word zeppelin came to be commonly used to refer to all rigid airships. Zeppelins were first flown commercially in 1910 by Deutsche Luftschiffahrts AG, the world's first airline in revenue service. By mid-1914, DELAG had carried over 10,000 fare-paying passengers on over 1,500 flights. During World War I the German military made extensive use of Zeppelins as bombers and scouts, killing over 500 people in bombing raids in Britain.[NEWLINE][NEWLINE]The defeat of Germany in 1918 temporarily slowed down the airship business. Although DELAG established a scheduled daily service between Berlin, Munich, and Friedrichshafen in 1919, the airships built for this service eventually had to be surrendered under the terms of the Treaty of Versailles, which also prohibited Germany from building large airships. An exception was made allowing the construction of one airship for the US Navy, which saved the company from extinction. In 1926 the restrictions on airship construction were lifted and with the aid of donations from the public, work was started on the construction of LZ 127 Graf Zeppelin. This revived the company's fortunes, and during the 1930s the airships Graf Zeppelin and the larger LZ 129 Hindenburg operated regular transatlantic flights from Germany to North America and Brazil. The Art Deco spire of the Empire State Building was originally designed to serve as a mooring mast for Zeppelins and other airships, although it was found that high winds made this impossible and the plan was abandoned. The Hindenburg disaster in 1937, along with political and economic issues, hastened the demise of the Zeppelins.
			</Text>
		</Row>
	</Language_en_US>
  
</GameData>