<?xml version="1.0" encoding="utf-8"?>
<!-- Created by ModBuddy on 12/07/17 1:35:50 PM -->
<GameData>
	<UnitClasses>
		<Row>
			<Type>UNITCLASS_EXOTIC_UNIT_CORSAIR</Type>
			<Description>TXT_KEY_UNIT_EXOTIC_UNIT_CORSAIR</Description>
			<DefaultUnit>NONE</DefaultUnit>-->			
			<!--<MaxPlayerInstances>3</MaxPlayerInstances>-->
		</Row>
	</UnitClasses>
	<Units>
		<Row>
			<Class>UNITCLASS_EXOTIC_UNIT_CORSAIR</Class>
			<Type>UNIT_EXOTIC_UNIT_CORSAIR</Type>
			<PrereqTech>TECH_ASTRONOMY</PrereqTech>
			<ObsoleteTech>TECH_REPLACEABLE_PARTS</ObsoleteTech>
			<Combat>30</Combat>
			<Moves>5</Moves>
			<Cost>185</Cost>			
			<!--<FaithCost>200</FaithCost>
			<RequiresFaithPurchaseEnabled>true</RequiresFaithPurchaseEnabled>-->
			<CombatClass>UNITCOMBAT_NAVALMELEE</CombatClass>
			<Domain>DOMAIN_SEA</Domain>
			<DefaultUnitAI>UNITAI_PIRATE_SEA</DefaultUnitAI>
			<Description>TXT_KEY_UNIT_EXOTIC_UNIT_CORSAIR</Description>
			<Civilopedia>TXT_KEY_UNIT_EXOTIC_UNIT_CORSAIR_PEDIA</Civilopedia>
			<Strategy>TXT_KEY_UNIT_EXOTIC_UNIT_CORSAIR_STRATEGY</Strategy>
			<Help>TXT_KEY_UNIT_EXOTIC_UNIT_CORSAIR_HELP</Help>

			<IsMercUnit>true</IsMercUnit>
			<PurchaseOnly>true</PurchaseOnly>
			<MoveAfterPurchase>true</MoveAfterPurchase>
			<MilitarySupport>true</MilitarySupport>
			<MilitaryProduction>true</MilitaryProduction>
			<NoMaintenance>true</NoMaintenance>
			<Pillage>true</Pillage>
			
			<Mechanized>true</Mechanized>			
			<AdvancedStartCost>10</AdvancedStartCost>
			<MinAreaSize>10</MinAreaSize>
			<XPValueAttack>3</XPValueAttack>
			<XPValueDefense>3</XPValueDefense>
			<UnitArtInfo>ART_DEF_UNIT_SMAN_CORSAIR</UnitArtInfo>			
			<IconAtlas>SMAN_EXOTIC_UNIT_ATLAS</IconAtlas>
			<PortraitIndex>39</PortraitIndex>
			<UnitFlagAtlas>SMAN_EXOTIC_UNIT_FLAG_ATLAS</UnitFlagAtlas>
			<UnitFlagIconOffset>31</UnitFlagIconOffset>
			<MoveRate>WOODEN_BOAT</MoveRate>
		</Row>
	</Units>

	<Unit_BuildingClassRequireds>
		<Row>
			<UnitType>UNIT_EXOTIC_UNIT_CORSAIR</UnitType>
			<BuildingClassType>BUILDINGCLASS_SMAN_EU_SHIPYARD</BuildingClassType>
		</Row>
	</Unit_BuildingClassRequireds>

	<Unit_AITypes>
		<Row>
			<UnitType>UNIT_EXOTIC_UNIT_CORSAIR</UnitType>
			<UnitAIType>UNITAI_ATTACK_SEA</UnitAIType>
		</Row>
		<Row>
			<UnitType>UNIT_EXOTIC_UNIT_CORSAIR</UnitType>
			<UnitAIType>UNITAI_RESERVE_SEA</UnitAIType>
		</Row>
		<Row>
			<UnitType>UNIT_EXOTIC_UNIT_CORSAIR</UnitType>
			<UnitAIType>UNITAI_ESCORT_SEA</UnitAIType>
		</Row>
		<Row>
			<UnitType>UNIT_EXOTIC_UNIT_CORSAIR</UnitType>
			<UnitAIType>UNITAI_EXPLORE_SEA</UnitAIType>
		</Row>
		<Row>
			<UnitType>UNIT_EXOTIC_UNIT_CORSAIR</UnitType>
			<UnitAIType>UNITAI_PIRATE_SEA</UnitAIType>
		</Row>
	</Unit_AITypes>

	<Unit_Flavors>
		<Row>
			<UnitType>UNIT_EXOTIC_UNIT_CORSAIR</UnitType>
			<FlavorType>FLAVOR_NAVAL</FlavorType>
			<Flavor>8</Flavor>
		</Row>
		<Row>
			<UnitType>UNIT_EXOTIC_UNIT_CORSAIR</UnitType>
			<FlavorType>FLAVOR_NAVAL_RECON</FlavorType>
			<Flavor>1</Flavor>
		</Row>
		<Row>
			<UnitType>UNIT_EXOTIC_UNIT_CORSAIR</UnitType>
			<FlavorType>FLAVOR_GOLD</FlavorType>
			<Flavor>5</Flavor>
		</Row>
	</Unit_Flavors>

	<Unit_FreePromotions>
		<Row>
			<UnitType>UNIT_EXOTIC_UNIT_CORSAIR</UnitType>
			<PromotionType>PROMOTION_COASTAL_RAIDER_1</PromotionType>
		</Row>
		<Row>
			<UnitType>UNIT_EXOTIC_UNIT_CORSAIR</UnitType>
			<PromotionType>PROMOTION_PRIZE_SHIPS</PromotionType>
		</Row>		
		<Row>
			<UnitType>UNIT_EXOTIC_UNIT_CORSAIR</UnitType>
			<PromotionType>PROMOTION_SUPPLY</PromotionType>
		</Row>
	</Unit_FreePromotions>
	
	<UnitGameplay2DScripts>
		<Row>
			<UnitType>UNIT_EXOTIC_UNIT_CORSAIR</UnitType>
			<SelectionSound>AS2D_SELECT_FRIGATE</SelectionSound>
			<FirstSelectionSound>AS2D_BUILD_FRIGATE</FirstSelectionSound>
		</Row>
	</UnitGameplay2DScripts>


	<Language_en_US>
		<Row Tag="TXT_KEY_UNIT_EXOTIC_UNIT_CORSAIR">
			<Text>Corsair</Text>
		</Row>
		<Row Tag="TXT_KEY_UNIT_EXOTIC_UNIT_CORSAIR_HELP">
			<Text>Fast Mercenary naval melee unit specializing on piracy on the high seas. Price shown is how much it costs to hire this unit for 20 turns.</Text>
		</Row>
		<Row Tag="TXT_KEY_UNIT_EXOTIC_UNIT_CORSAIR_STRATEGY">
			<Text>
				Use the Corsair to spread fear and terror upon the oceans near and far. These units receive the Coastal Raider, Prize Ships, and Supply promotions when hired. This means it receives +20% Combat Strength when attacking Cities and steals gold equal to 33% of the damage inflicted on a city. Corsairs also have the chance to capture defeated enemy naval units, and heal 15 HP damage per turn even when outside of Friendly Territory.
				[NEWLINE][NEWLINE]Although this unit requires a Renaissance Era technology to build, it also requires an Industrial Era building in the city. This delays the appeance of this unit until the discovery of Military Science.
			</Text>
		</Row>
		<Row Tag="TXT_KEY_UNIT_EXOTIC_UNIT_CORSAIR_PEDIA">
			<Text>
				The Corsair is an Industrial era Mercenary naval melee unit, available upon the discovery of Astronomy. The Shipyard is required for this unit to be built. The Corsair becomes obsolete upon the discovery of Replacable Parts.[NEWLINE][NEWLINE]
				The Barbary pirates, sometimes called Barbary corsairs or Ottoman corsairs, were pirates and privateers who operated from North Africa, based primarily in the ports of Sale, Rabat, Algiers, Tunis, and Tripoli. This area was known in Europe as the Barbary Coast, a term derived from the name of its Berber inhabitants. Their predation extended throughout the Mediterranean, south along West Africa's Atlantic seaboard and even South America, and into the North Atlantic as far north as Iceland, but they primarily operated in the western Mediterranean. In addition to seizing ships, they engaged in Razzias, raids on European coastal towns and villages, mainly in Italy, France, Spain, and Portugal, but also in the British Isles, the Netherlands, and as far away as Iceland. The main purpose of their attacks was to capture Christian slaves for the Ottoman slave trade as well as the general Muslim slavery market in North Africa and the Middle East.[NEWLINE][NEWLINE]While such raids had occurred since soon after the Muslim conquest of Iberia, the terms 'Barbary pirates' and 'Barbary corsairs' are normally applied to the raiders active from the 16th century onwards, when the frequency and range of the slavers' attacks increased. In that period Algiers, Tunis and Tripoli came under the sovereignty of the Ottoman Empire, either as directly administered provinces or as autonomous dependencies known as the Barbary States. Similar raids were undertaken from Sale and other ports in Morocco.[NEWLINE][NEWLINE]Corsairs captured thousands of ships and repeatedly raided coastal towns. As a result, residents abandoned their former villages of long stretches of coast in Spain and Italy. The raids were such a problem coastal settlements were seldom undertaken until the 19th century. Between 1580 and 1680 corsairs captured about 850,000 people as slaves and from 1530 to 1780 as many as 1,250,000 people were enslaved. Some corsairs were European outcasts and converts such as John Ward and Zymen Danseker. Hayreddin Barbarossa and Oruc Reis, Turkish Barbarossa Brothers, who took control of Algiers on behalf of the Ottomans in the early 16th century, were also notorious corsairs. The European pirates brought advanced sailing and shipbuilding techniques to the Barbary Coast around 1600, which enabled the corsairs to extend their activities into the Atlantic Ocean. The effects of the Barbary raids peaked in the early to mid-17th century.[NEWLINE][NEWLINE]The scope of corsair activity began to diminish in the latter part of the 17th century, as the more powerful European navies started to compel the Barbary States to make peace and cease attacking their shipping. However, the ships and coasts of Christian states without such effective protection continued to suffer until the early 19th century. Following the Napoleonic Wars and the Congress of Vienna in 1814 to 1815, European powers agreed upon the need to suppress the Barbary corsairs entirely and the threat was largely subdued. Occasional incidents occurred, including two Barbary wars between the United States and the Barbary States, until finally terminated by the French conquest of Algiers in 1830.
			</Text>
		</Row>
	</Language_en_US>	
  
</GameData>