<?xml version="1.0" encoding="utf-8"?>
<!-- Created by ModBuddy on 12/02/17 11:25:43 AM -->
<GameData>
	<UnitClasses>
		<Row>
			<Type>UNITCLASS_SMAN_EU_CAMEL_RIFLEMAN</Type>
			<Description>TXT_KEY_UNIT_SMAN_EU_CAMEL_RIFLEMAN</Description>
			<DefaultUnit>NONE</DefaultUnit>
			<!--<MaxPlayerInstances>2</MaxPlayerInstances>-->
		</Row>
	</UnitClasses>

	<Units>
		<Row>
			<Class>UNITCLASS_SMAN_EU_CAMEL_RIFLEMAN</Class>
			<Type>UNIT_SMAN_EU_CAMEL_RIFLEMAN</Type>
			<Combat>30</Combat>
			<Cost>220</Cost>
			<FaithCost>440</FaithCost>
			<RequiresFaithPurchaseEnabled>true</RequiresFaithPurchaseEnabled>
			<Moves>4</Moves>
			<BaseSightRange>2</BaseSightRange>
			<PrereqTech>TECH_GUNPOWDER</PrereqTech>
			<ObsoleteTech>TECH_COMBUSTION</ObsoleteTech>
			<CombatClass>UNITCOMBAT_MOUNTED</CombatClass>
			<Domain>DOMAIN_LAND</Domain>
			<DefaultUnitAI>UNITAI_FAST_ATTACK</DefaultUnitAI>
			<Description>TXT_KEY_UNIT_SMAN_EU_CAMEL_RIFLEMAN</Description>
			<Help>TXT_KEY_UNIT_SMAN_EU_CAMEL_RIFLEMAN_HELP</Help>
			<Strategy>TXT_KEY_UNIT_SMAN_EU_CAMEL_RIFLEMAN_STRATEGY</Strategy>
			<Civilopedia>TXT_KEY_UNIT_SMAN_EU_CAMEL_RIFLEMAN_PEDIA</Civilopedia>
			<MilitarySupport>true</MilitarySupport>
			<MilitaryProduction>true</MilitaryProduction>
			<Pillage>true</Pillage>
			<HurryCostModifier>25</HurryCostModifier>
			<AdvancedStartCost>25</AdvancedStartCost>
			<XPValueAttack>3</XPValueAttack>
			<XPValueDefense>3</XPValueDefense>
			<Conscription>1</Conscription>
			<UnitArtInfo>ART_DEF_UNIT_SMAN_EU_CAMEL_RIFLEMAN</UnitArtInfo>
			<IconAtlas>SMAN_EXOTIC_UNIT_ATLAS</IconAtlas>
			<PortraitIndex>1</PortraitIndex>
			<UnitFlagAtlas>SMAN_EXOTIC_UNIT_FLAG_ATLAS</UnitFlagAtlas>
			<UnitFlagIconOffset>1</UnitFlagIconOffset>
			<MoveRate>QUADRUPED</MoveRate>
		</Row>
	</Units>

	<!--
	<Unit_BuildingClassRequireds>
		
		<Row>
			<UnitType>UNIT_SMAN_EU_CAMEL_RIFLEMAN</UnitType>
			<BuildingClassType></BuildingClassType>
		</Row>
		
	</Unit_BuildingClassRequireds>
	-->

	<Unit_ResourceQuantityRequirements>
		<Row>
			<UnitType>UNIT_SMAN_EU_CAMEL_RIFLEMAN</UnitType>
			<ResourceType>RESOURCE_SMAN_EU_CAMELS</ResourceType>
			<Cost>1</Cost>
		</Row>
	</Unit_ResourceQuantityRequirements>
	
	<Unit_FreePromotions>
		<Row>
			<UnitType>UNIT_SMAN_EU_CAMEL_RIFLEMAN</UnitType>
			<PromotionType>PROMOTION_SMAN_SIROCCO_PROMOTION</PromotionType>
		</Row>
	</Unit_FreePromotions>

	<Unit_AITypes>
		<Row>
			<UnitType>UNIT_SMAN_EU_CAMEL_RIFLEMAN</UnitType>
			<UnitAIType>UNITAI_DEFENSE</UnitAIType>
		</Row>
		<Row>
			<UnitType>UNIT_SMAN_EU_CAMEL_RIFLEMAN</UnitType>
			<UnitAIType>UNITAI_FAST_ATTACK</UnitAIType>
		</Row>
	</Unit_AITypes>

	<Unit_Flavors>
		<Row>
			<UnitType>UNIT_SMAN_EU_CAMEL_RIFLEMAN</UnitType>
			<FlavorType>FLAVOR_OFFENSE</FlavorType>
			<Flavor>10</Flavor>
		</Row>
		<Row>
			<UnitType>UNIT_SMAN_EU_CAMEL_RIFLEMAN</UnitType>
			<FlavorType>FLAVOR_DEFENSE</FlavorType>
			<Flavor>7</Flavor>
		</Row>
		<Row>
			<UnitType>UNIT_SMAN_EU_CAMEL_RIFLEMAN</UnitType>
			<FlavorType>FLAVOR_MOBILE</FlavorType>
			<Flavor>7</Flavor>
		</Row>
	</Unit_Flavors>

	<Unit_ClassUpgrades>
		<Row>
			<UnitType>UNIT_SMAN_EU_CAMEL_RIFLEMAN</UnitType>
			<UnitClassType>UNITCLASS_WWI_TANK</UnitClassType>
		</Row>
	</Unit_ClassUpgrades>

	<UnitGameplay2DScripts>
		<Row>
			<UnitType>UNIT_SMAN_EU_CAMEL_RIFLEMAN</UnitType>
			<SelectionSound>AS2D_SELECT_CAMEL_ARCHER</SelectionSound>
			<FirstSelectionSound>AS2D_BIRTH_CAMEL_ARCHER</FirstSelectionSound>
		</Row>
	</UnitGameplay2DScripts>


	<Language_en_US>
		<Row Tag="TXT_KEY_UNIT_SMAN_EU_CAMEL_RIFLEMAN">
			<Text>Camel Rifleman</Text>
		</Row>
		<Row Tag="TXT_KEY_UNIT_SMAN_EU_CAMEL_RIFLEMAN_HELP">
			<Text>Fast Industrial Era ranged Unit, excels at hit and run tactics. </Text>
		</Row>
		<Row Tag="TXT_KEY_UNIT_SMAN_EU_CAMEL_RIFLEMAN_STRATEGY">
			<Text>The Camel Rifleman is a powerful ranged attack unit, allowing it to do damage to enemies 2 hexes away. It may move after combat, receives +33% attack bonus when attacking from and +33% defense bonus while defending in Desert tiles, and adjacent enemy units receive -10% Combat Strength.</Text>
		</Row>
		<Row Tag="TXT_KEY_UNIT_SMAN_EU_CAMEL_RIFLEMAN_PEDIA">
			<Text>
				The Camel Rifleman is an Industrial Era melee unit, available at the discovery of Gunpowder. It becomes obsolete at the discovery of Combustion, at which time it may upgrade to the Landship unit.[NEWLINE][NEWLINE]Some Muslim cavalrymen rode camels into battle. This often had an unsettling effect upon European-bred horses that had not before encountered those unusual beasts. As might be expected, camels are better-suited to desert terrain than are horses. Generally, the Camel Rifleman employed hit-and-run tactics against the enemy, more similar to Mongol horse archers than to knights or other heavy cavalry units. A well-trained Camel Rifleman unit could be extremely difficult for knights to deal with, if those knights were not protected by archers or their own light cavalry.
			</Text>
		</Row>
	</Language_en_US>

</GameData>