<?xml version="1.0" encoding="utf-8"?>
<!-- Created by ModBuddy on 12/02/17 12:56:58 PM -->
<GameData>

	<UnitPromotions>
		<!--			Camel Unit Promotions			-->
		<Row>
			<Type>PROMOTION_SMAN_KHAMSIN_PROMOTION</Type>
			<Description>TXT_KEY_PROMOTION_SMAN_KHAMSIN_PROMOTION</Description>
			<Help>TXT_KEY_PROMOTION_SMAN_KHAMSIN_PROMOTION_HELP</Help>
			<PediaType>PEDIA_ATTRIBUTES</PediaType>
			<PediaEntry>TXT_KEY_PROMOTION_SMAN_KHAMSIN_PROMOTION_PEDIA</PediaEntry>
			<Sound>AS2D_IF_LEVELUP</Sound>
			<IconAtlas>SMAN_EXOTIC_UNIT_PROMOTION_ATLAS</IconAtlas>
			<PortraitIndex>0</PortraitIndex>
			<CannotBeChosen>true</CannotBeChosen>
			<LostWithUpgrade>true</LostWithUpgrade>
			<CanMoveAfterAttacking>true</CanMoveAfterAttacking>						<!-- Camel Raiding and War Party Abilities-->
			<FreePillageMoves>true</FreePillageMoves>
		</Row>
		<Row>
			<Type>PROMOTION_SMAN_SANDSTORM_PROMOTION</Type>
			<Description>TXT_KEY_PROMOTION_SMAN_SANDSTORM_PROMOTION</Description>
			<Help>TXT_KEY_PROMOTION_SMAN_SANDSTORM_PROMOTION_HELP</Help>
			<PediaType>PEDIA_ATTRIBUTES</PediaType>
			<PediaEntry>TXT_KEY_PROMOTION_SMAN_SANDSTORM_PROMOTION_PEDIA</PediaEntry>
			<Sound>AS2D_IF_LEVELUP</Sound>
			<IconAtlas>SMAN_EXOTIC_UNIT_PROMOTION_ATLAS</IconAtlas>
			<PortraitIndex>1</PortraitIndex>
			<CannotBeChosen>true</CannotBeChosen>
			<LostWithUpgrade>true</LostWithUpgrade>
			<CanMoveAfterAttacking>true</CanMoveAfterAttacking>						<!-- Camel Bowman Abilities-->
			<OnlyDefensive>1</OnlyDefensive>
			<FreePillageMoves>true</FreePillageMoves>
		</Row>
		<Row>
			<Type>PROMOTION_SMAN_SIROCCO_PROMOTION</Type>
			<Description>TXT_KEY_PROMOTION_SMAN_SIROCCO_PROMOTION</Description>
			<Help>TXT_KEY_PROMOTION_SMAN_SIROCCO_PROMOTION_HELP</Help>
			<PediaType>PEDIA_ATTRIBUTES</PediaType>
			<PediaEntry>TXT_KEY_PROMOTION_SMAN_SIROCCO_PROMOTION_PEDIA</PediaEntry>
			<Sound>AS2D_IF_LEVELUP</Sound>
			<IconAtlas>SMAN_EXOTIC_UNIT_PROMOTION_ATLAS</IconAtlas>
			<PortraitIndex>2</PortraitIndex>
			<CannotBeChosen>true</CannotBeChosen>
			<LostWithUpgrade>true</LostWithUpgrade>
			<CanMoveAfterAttacking>true</CanMoveAfterAttacking>						<!-- Camel Rifleman Abilities-->
			<!--<OnlyDefensive>1</OnlyDefensive>-->
			<NearbyEnemyCombatMod>-10</NearbyEnemyCombatMod>
			<NearbyEnemyCombatRange>1</NearbyEnemyCombatRange>
		</Row>

		<!--			Elephant Unit Promotions			-->
		<Row>
			<Type>PROMOTION_SMAN_PERILOUS_PACHYDERM_1_PROMOTION</Type>
			<Description>TXT_KEY_PROMOTION_SMAN_PERILOUS_PACHYDERM_1_PROMOTION</Description>
			<Help>TXT_KEY_PROMOTION_SMAN_PERILOUS_PACHYDERM_1_PROMOTION_HELP</Help>
			<PediaType>PEDIA_ATTRIBUTES</PediaType>
			<PediaEntry>TXT_KEY_PROMOTION_SMAN_PERILOUS_PACHYDERM_1_PROMOTION_PEDIA</PediaEntry>
			<Sound>AS2D_IF_LEVELUP</Sound>
			<IconAtlas>SMAN_EXOTIC_UNIT_PROMOTION_ATLAS</IconAtlas>
			<PortraitIndex>8</PortraitIndex>
			<CannotBeChosen>true</CannotBeChosen>
			<LostWithUpgrade>true</LostWithUpgrade>
			<NoDefensiveBonus>true</NoDefensiveBonus>								<!-- Tamed Mammoth Abilities-->
			<CityAttack>-33</CityAttack>
			<NearbyEnemyCombatMod>-10</NearbyEnemyCombatMod>
			<NearbyEnemyCombatRange>1</NearbyEnemyCombatRange>
		</Row>
		<Row>
			<Type>PROMOTION_SMAN_PERILOUS_PACHYDERM_2_PROMOTION</Type>
			<Description>TXT_KEY_PROMOTION_SMAN_PERILOUS_PACHYDERM_2_PROMOTION</Description>
			<Help>TXT_KEY_PROMOTION_SMAN_PERILOUS_PACHYDERM_2_PROMOTION_HELP</Help>
			<PediaType>PEDIA_ATTRIBUTES</PediaType>
			<PediaEntry>TXT_KEY_PROMOTION_SMAN_PERILOUS_PACHYDERM_2_PROMOTION_PEDIA</PediaEntry>
			<Sound>AS2D_IF_LEVELUP</Sound>
			<IconAtlas>SMAN_EXOTIC_UNIT_PROMOTION_ATLAS</IconAtlas>
			<PortraitIndex>9</PortraitIndex>
			<CannotBeChosen>true</CannotBeChosen>
			<LostWithUpgrade>true</LostWithUpgrade>
			<NoDefensiveBonus>true</NoDefensiveBonus>								<!-- Battle Elephant Abilities-->
			<CityAttack>-33</CityAttack>
			<OpenAttack>15</OpenAttack>
			<CanMoveAfterAttacking>true</CanMoveAfterAttacking>
			<NearbyEnemyCombatMod>-15</NearbyEnemyCombatMod>
			<NearbyEnemyCombatRange>1</NearbyEnemyCombatRange>
		</Row>
		<Row>
			<Type>PROMOTION_SMAN_PERILOUS_PACHYDERM_3_PROMOTION</Type>
			<Description>TXT_KEY_PROMOTION_SMAN_PERILOUS_PACHYDERM_3_PROMOTION</Description>
			<Help>TXT_KEY_PROMOTION_SMAN_PERILOUS_PACHYDERM_3_PROMOTION_HELP</Help>
			<PediaType>PEDIA_ATTRIBUTES</PediaType>
			<PediaEntry>TXT_KEY_PROMOTION_SMAN_PERILOUS_PACHYDERM_3_PROMOTION_PEDIA</PediaEntry>
			<Sound>AS2D_IF_LEVELUP</Sound>
			<IconAtlas>SMAN_EXOTIC_UNIT_PROMOTION_ATLAS</IconAtlas>
			<PortraitIndex>10</PortraitIndex>
			<CannotBeChosen>true</CannotBeChosen>
			<LostWithUpgrade>true</LostWithUpgrade>
			<NoDefensiveBonus>true</NoDefensiveBonus>								<!-- Siege Elephant Abilities-->
			<CityAttack>33</CityAttack>
			<CanMoveAfterAttacking>true</CanMoveAfterAttacking>
			<OnlyDefensive>true</OnlyDefensive>
		</Row>
		<Row>
			<Type>PROMOTION_SMAN_PERILOUS_PACHYDERM_4_PROMOTION</Type>
			<Description>TXT_KEY_PROMOTION_SMAN_PERILOUS_PACHYDERM_4_PROMOTION</Description>
			<Help>TXT_KEY_PROMOTION_SMAN_PERILOUS_PACHYDERM_4_PROMOTION_HELP</Help>
			<PediaType>PEDIA_ATTRIBUTES</PediaType>
			<PediaEntry>TXT_KEY_PROMOTION_SMAN_PERILOUS_PACHYDERM_4_PROMOTION_PEDIA</PediaEntry>
			<Sound>AS2D_IF_LEVELUP</Sound>
			<IconAtlas>SMAN_EXOTIC_UNIT_PROMOTION_ATLAS</IconAtlas>
			<PortraitIndex>11</PortraitIndex>
			<CannotBeChosen>true</CannotBeChosen>
			<LostWithUpgrade>true</LostWithUpgrade>
			<NoDefensiveBonus>true</NoDefensiveBonus>								<!-- Turreted Elephant / Howdah Abilities-->
			<CityAttack>-33</CityAttack>
			<OpenAttack>25</OpenAttack>
			<CanMoveAfterAttacking>true</CanMoveAfterAttacking>
			<NearbyEnemyCombatMod>-25</NearbyEnemyCombatMod>
			<NearbyEnemyCombatRange>1</NearbyEnemyCombatRange>
		</Row>		
		
		<!-- ====================================================================================================================================== -->
		<!--						MERCENARY PROMOTIONS																							-->
		
		<!--	Fireship Promotion - causes recurring damage to keep ship at lower health		-->
		<Row>
			<Type>PROMOTION_SMAN_EU_FIRESHIP</Type>
			<Description>TXT_KEY_PROMOTION_SMAN_EU_FIRESHIP</Description>
			<Help>TXT_KEY_PROMOTION_SMAN_EU_FIRESHIP_HELP</Help>
			<Sound>AS2D_IF_LEVELUP</Sound>
			<IconAtlas>SMAN_EXOTIC_UNIT_PROMOTION_ATLAS</IconAtlas>
			<PortraitIndex>4</PortraitIndex>
			<PediaType>PEDIA_ATTRIBUTES</PediaType>
			<PediaEntry>TXT_KEY_PROMOTION_SMAN_EU_FIRESHIP_PEDIA</PediaEntry>
			<CannotBeChosen>true</CannotBeChosen>
			<LostWithUpgrade>false</LostWithUpgrade>
			<FriendlyHealChange>-30</FriendlyHealChange>
			<CityAttack>33</CityAttack>
		</Row>

		<!--	Guerrilla Promotions - unit has too many capabilities to assign separately. Would overbook the available space for promotions on the unit screen -->
		<Row>
			<Type>PROMOTION_EXOTIC_UNIT_GUERILLA_PROMOTION</Type>
			<Description>TXT_KEY_PROMOTION_EXOTIC_UNIT_GUERILLA_PROMOTION</Description>
			<Help>TXT_KEY_PROMOTION_EXOTIC_UNIT_GUERILLA_PROMOTION_HELP</Help>
			<PediaType>PEDIA_ATTRIBUTES</PediaType>
			<PediaEntry>TXT_KEY_PROMOTION_EXOTIC_UNIT_GUERILLA_PROMOTION_PEDIA</PediaEntry>
			<Sound>AS2D_IF_LEVELUP</Sound>
			<IconAtlas>SMAN_EXOTIC_UNIT_PROMOTION_ATLAS</IconAtlas>
			<PortraitIndex>5</PortraitIndex>
			<CannotBeChosen>true</CannotBeChosen>
			<LostWithUpgrade>true</LostWithUpgrade>

			<CanMoveAfterAttacking>1</CanMoveAfterAttacking>								<!-- Specific Guerrilla Abilities-->
			<ExtraWithdrawal>25</ExtraWithdrawal>
			<FriendlyLandsAttackModifier>15</FriendlyLandsAttackModifier>
			<FreePillageMoves>true</FreePillageMoves>

			<NoDefensiveBonus>true</NoDefensiveBonus>
			<CityAttack>-50</CityAttack>
		</Row>
		
		<!--	UAV Promotion - unit has too many capabilities to assign separately. Would overbook the available space for promotions on the unit screen		-->
		<Row>
			<Type>PROMOTION_SMAN_EU_UAV</Type>
			<Description>TXT_KEY_PROMOTION_SMAN_EU_UAV</Description>
			<Help>TXT_KEY_PROMOTION_SMAN_EU_UAV_HELP</Help>
			<Sound>AS2D_IF_LEVELUP</Sound>
			<IconAtlas>SMAN_EXOTIC_UNIT_PROMOTION_ATLAS</IconAtlas>
			<PortraitIndex>6</PortraitIndex>
			<PediaType>PEDIA_ATTRIBUTES</PediaType>
			<PediaEntry>TXT_KEY_PROMOTION_SMAN_EU_UAV_PEDIA</PediaEntry>
			<CannotBeChosen>true</CannotBeChosen>
			<LostWithUpgrade>true</LostWithUpgrade>

			<NoCapture>1</NoCapture>														<!-- Specific UAV Abilities-->
			<CanMoveAfterAttacking>1</CanMoveAfterAttacking>
			<Recon>1</Recon>
			<CanMoveAllTerrain>true</CanMoveAllTerrain>
			<OnlyDefensive>1</OnlyDefensive>
			<FlatMovementCost>true</FlatMovementCost>
			<HoveringUnit>true</HoveringUnit>
			<NoDefensiveBonus>true</NoDefensiveBonus>			
		</Row>
		
		<!--	Zeppelin Promotions - unit has too many capabilities to assign separately. Would overbook the available space for promotions on the unit screen -->
		<Row>
			<Type>PROMOTION_EXOTIC_UNIT_ZEPPELIN_PROMOTION</Type>
			<Description>TXT_KEY_PROMOTION_EXOTIC_UNIT_ZEPPELIN_PROMOTION</Description>
			<Help>TXT_KEY_PROMOTION_EXOTIC_UNIT_ZEPPELIN_PROMOTION_HELP</Help>
			<PediaType>PEDIA_ATTRIBUTES</PediaType>
			<PediaEntry>TXT_KEY_PROMOTION_EXOTIC_UNIT_ZEPPELIN_PROMOTION_PEDIA</PediaEntry>
			<Sound>AS2D_IF_LEVELUP</Sound>
			<IconAtlas>SMAN_EXOTIC_UNIT_PROMOTION_ATLAS</IconAtlas>
			<PortraitIndex>12</PortraitIndex>
			<CannotBeChosen>true</CannotBeChosen>
			<LostWithUpgrade>true</LostWithUpgrade>

			<NoCapture>1</NoCapture>									<!-- Specific Zeppelin Abilities-->
			<CanMoveAfterAttacking>1</CanMoveAfterAttacking>
			<NoDefensiveBonus>true</NoDefensiveBonus>
			<FlatMovementCost>true</FlatMovementCost>
			<CanMoveImpassable>true</CanMoveImpassable>
			<CanMoveAllTerrain>true</CanMoveAllTerrain>
			<HoveringUnit>true</HoveringUnit>
			<Amphib>1</Amphib>
		</Row>
	
	</UnitPromotions>

	<UnitPromotions_Terrains>
		<Row>
			<PromotionType>PROMOTION_SMAN_KHAMSIN_PROMOTION</PromotionType>
			<TerrainType>TERRAIN_DESERT</TerrainType>
			<Attack>33</Attack>
			<DoubleMove>true</DoubleMove>
		</Row>
		<Row>
			<PromotionType>PROMOTION_SMAN_SANDSTORM_PROMOTION</PromotionType>
			<TerrainType>TERRAIN_DESERT</TerrainType>
			<Attack>33</Attack>
			<DoubleMove>true</DoubleMove>
		</Row>
		<Row>
			<PromotionType>PROMOTION_SMAN_SIROCCO_PROMOTION</PromotionType>
			<TerrainType>TERRAIN_DESERT</TerrainType>
			<Attack>33</Attack>
			<Defense>33</Defense>			
		</Row>
	</UnitPromotions_Terrains>

	<UnitPromotions_Domains>
		<Row>
			<PromotionType>PROMOTION_SMAN_EU_FIRESHIP</PromotionType>
			<DomainType>DOMAIN_SEA</DomainType>
			<Modifier>66</Modifier>
		</Row>
	</UnitPromotions_Domains>
	

	<Language_en_US>

		<!--			Camel Unit Promotions			-->
		<Row Tag="TXT_KEY_PROMOTION_SMAN_KHAMSIN_PROMOTION">
			<Text>Khamsin Promotion</Text>
		</Row>
		<Row Tag="TXT_KEY_PROMOTION_SMAN_KHAMSIN_PROMOTION_HELP">
			<Text>May move after combat. +33% attack bonus when attacking from Desert tiles, doubles its movement in Desert tiles, and can pillage at no movement cost</Text>
		</Row>
		<Row Tag="TXT_KEY_PROMOTION_SMAN_KHAMSIN_PROMOTION_PEDIA">
			<Text>Khamsin Promotion</Text>
		</Row>

		<Row Tag="TXT_KEY_PROMOTION_SMAN_SANDSTORM_PROMOTION">
		<Text>Sandstorm Promotion</Text>
		</Row>
		<Row Tag="TXT_KEY_PROMOTION_SMAN_SANDSTORM_PROMOTION_HELP">
			<Text>May move after combat. +33% attack bonus when attacking from Desert tiles, doubles its movement in Desert tiles, and can pillage at no movement cost</Text>
		</Row>
		<Row Tag="TXT_KEY_PROMOTION_SMAN_SANDSTORM_PROMOTION_PEDIA">
			<Text>Sandstorm Promotion</Text>
		</Row>

		<Row Tag="TXT_KEY_PROMOTION_SMAN_SIROCCO_PROMOTION">
			<Text>Sirocco Promotion</Text>
		</Row>
		<Row Tag="TXT_KEY_PROMOTION_SMAN_SIROCCO_PROMOTION_HELP">
			<Text>May move after combat, +33% attack bonus when attacking from and +33% defense bonus while defending in Desert tiles, adjacent enemy units receive -10% Combat Strength</Text>
		</Row>
		<Row Tag="TXT_KEY_PROMOTION_SMAN_SIROCCO_PROMOTION_PEDIA">
			<Text>Sirocco Promotion</Text>
		</Row>

		<!--			Elephant Unit Promotions			-->
		<Row Tag="TXT_KEY_PROMOTION_SMAN_PERILOUS_PACHYDERM_1_PROMOTION">
			<Text>Perilous Pachyderm I</Text>
		</Row>
		<Row Tag="TXT_KEY_PROMOTION_SMAN_PERILOUS_PACHYDERM_1_PROMOTION_HELP">
			<Text>Frightens adjacent enemies, reducing their Combat Strength -10%, no defensive terrain bonuses, and -33% penalty when attacking cities</Text>
		</Row>
		<Row Tag="TXT_KEY_PROMOTION_SMAN_PERILOUS_PACHYDERM_1_PROMOTION_PEDIA">
			<Text>Perilous Pachyderm I</Text>
		</Row>
		
		<Row Tag="TXT_KEY_PROMOTION_SMAN_PERILOUS_PACHYDERM_2_PROMOTION">
			<Text>Perilous Pachyderm II</Text>
		</Row>
		<Row Tag="TXT_KEY_PROMOTION_SMAN_PERILOUS_PACHYDERM_2_PROMOTION_HELP">
			<Text>+15% Combat Strength when fighting in open terrain, frightens adjacent enemies, reducing their Combat Strength -15%, may move after attacking, no defensive terrain bonuses, and -33% penalty when attacking cities</Text>
		</Row>
		<Row Tag="TXT_KEY_PROMOTION_SMAN_PERILOUS_PACHYDERM_2_PROMOTION_PEDIA">
			<Text>Perilous Pachyderm II</Text>
		</Row>

		<Row Tag="TXT_KEY_PROMOTION_SMAN_PERILOUS_PACHYDERM_3_PROMOTION">
			<Text>Perilous Pachyderm III</Text>
		</Row>
		<Row Tag="TXT_KEY_PROMOTION_SMAN_PERILOUS_PACHYDERM_3_PROMOTION_HELP">
			<Text>+33% bonus when attacking cities, may move after attacking, and no defensive terrain bonuses</Text>
		</Row>
		<Row Tag="TXT_KEY_PROMOTION_SMAN_PERILOUS_PACHYDERM_3_PROMOTION_PEDIA">
			<Text>Perilous Pachyderm III</Text>
		</Row>

		<Row Tag="TXT_KEY_PROMOTION_SMAN_PERILOUS_PACHYDERM_4_PROMOTION">
			<Text>Perilous Pachyderm IV</Text>
		</Row>
		<Row Tag="TXT_KEY_PROMOTION_SMAN_PERILOUS_PACHYDERM_4_PROMOTION_HELP">
			<Text>+25% Combat Strength when fighting in open terrain, frightens adjacent enemies, reducing their Combat Strength -25%, may move after attacking, no defensive terrain bonuses, and -33% penalty when attacking cities</Text>
		</Row>
		<Row Tag="TXT_KEY_PROMOTION_SMAN_PERILOUS_PACHYDERM_4_PROMOTION_PEDIA">
			<Text>Perilous Pachyderm IV</Text>
		</Row>


		<!-- ====================================================================================================================================== -->
		<!--						MERCENARY PROMOTIONS																							-->

		<!--	Fireship Promotion		-->
		<Row Tag="TXT_KEY_PROMOTION_SMAN_EU_FIRESHIP">
			<Text>Fire Ship Promotion</Text>
		</Row>
		<Row Tag="TXT_KEY_PROMOTION_SMAN_EU_FIRESHIP_HELP">
			<Text>Fire Ships are notoriously dangerous to operate, but they can cause significant damage before they explode: +66% Combat Strength in melee attacks against Naval Units, +33% against cities.</Text>
		</Row>
		<Row Tag="TXT_KEY_PROMOTION_SMAN_EU_FIRESHIP_PEDIA">
			<Text>The Fire Ship promotion prevents these ships from healing.  However, they can cause significant damage before they explode: +66% Combat Strength in melee attacks against Naval Units, +33% against cities. They are floating time bombs, and while they can do serious damage on impact, they cannot be repaired to become useful, front-line ships again.</Text>
		</Row>

		<!--	Guerilla Promotion		-->
		<Row Tag="TXT_KEY_PROMOTION_EXOTIC_UNIT_GUERILLA_PROMOTION">
			<Text>Guerilla Promotion</Text>
		</Row>
		<Row Tag="TXT_KEY_PROMOTION_EXOTIC_UNIT_GUERILLA_PROMOTION_HELP">
			<Text>Guerilla may move after attacking, receive a +15 combat bonus in friendly territory, pillage at no movement cost, and have a 25% chance of withdrawing from combat. It receives no defensive terrain bonuses and -50% combat strength when attacking cities.</Text>
		</Row>
		<Row Tag="TXT_KEY_PROMOTION_EXOTIC_UNIT_GUERILLA_PROMOTION_PEDIA">
			<Text>Guerilla Promotion</Text>
		</Row>
		
		<!--	UAV Promotion		-->
		<Row Tag="TXT_KEY_PROMOTION_SMAN_EU_UAV">
			<Text>UAV Promotion</Text>
		</Row>
		<Row Tag="TXT_KEY_PROMOTION_SMAN_EU_UAV_HELP">
			<Text>UAVs may move after attacking, see 6 tiles in all directions, move over all terrain, and all tiles cost 1 move. It receives no defensive terrain bonuses and is unable to capture cities.</Text>
		</Row>
		<Row Tag="TXT_KEY_PROMOTION_SMAN_EU_UAV_PEDIA">
			<Text>UAV Promotion</Text>
		</Row>

		<!--	Zeppelin Promotion		-->
		<Row Tag="TXT_KEY_PROMOTION_EXOTIC_UNIT_ZEPPELIN_PROMOTION">
			<Text>Zeppelin Promotion</Text>
		</Row>
		<Row Tag="TXT_KEY_PROMOTION_EXOTIC_UNIT_ZEPPELIN_PROMOTION_HELP">
			<Text>Zeppelins may move after attacking, move over all terrain, and all tiles cost 1 move. It receives no defensive terrain bonuses and is unable to capture cities.</Text>
		</Row>
		<Row Tag="TXT_KEY_PROMOTION_EXOTIC_UNIT_ZEPPELIN_PROMOTION_PEDIA">
			<Text>Zeppelin Promotion</Text>
		</Row>
	</Language_en_US>	

</GameData>