<?xml version="1.0" encoding="utf-8"?>
<!-- Created by ModBuddy on 12/09/17 2:15:31 PM -->
<GameData>
	
	<UnitClasses>
		<Row>
			<Type>UNITCLASS_EXOTIC_UNIT_REAPER_DRONE</Type>
			<Description>TXT_KEY_UNIT_EXOTIC_UNIT_REAPER_DRONE</Description>
			<DefaultUnit>NONE</DefaultUnit>
			<!--<MaxPlayerInstances>2</MaxPlayerInstances>-->
		</Row>
	</UnitClasses>

	<Units>
		<Row>
			<Type>UNIT_EXOTIC_UNIT_REAPER_DRONE</Type>
			<Class>UNITCLASS_EXOTIC_UNIT_REAPER_DRONE</Class>
			<PrereqTech>TECH_NANOTECHNOLOGY</PrereqTech>
			<!--<ObsoleteTech>TECH_LASERS</ObsoleteTech>-->
			<Combat>20</Combat>
			<RangedCombat>45</RangedCombat>
			<Range>3</Range>
			<Moves>4</Moves>
			<Cost>300</Cost>			
			<!--<FaithCost>650</FaithCost>
			<RequiresFaithPurchaseEnabled>true</RequiresFaithPurchaseEnabled>-->
			<CombatClass>UNITCOMBAT_HELICOPTER</CombatClass>
			<Domain>DOMAIN_LAND</Domain>
			<DefaultUnitAI>UNITAI_RANGED</DefaultUnitAI>
			<Description>TXT_KEY_UNIT_EXOTIC_UNIT_REAPER_DRONE</Description>
			<Civilopedia>TXT_KEY_UNIT_EXOTIC_UNIT_REAPER_DRONE_PEDIA</Civilopedia>
			<Strategy>TXT_KEY_UNIT_EXOTIC_UNIT_REAPER_DRONE_STRATEGY</Strategy>
			<Help>TXT_KEY_UNIT_EXOTIC_UNIT_REAPER_DRONE_HELP</Help>

			<IsMercUnit>true</IsMercUnit>
			<PurchaseOnly>true</PurchaseOnly>
			<MoveAfterPurchase>true</MoveAfterPurchase>
			<MilitarySupport>true</MilitarySupport>
			<MilitaryProduction>true</MilitaryProduction>
			<NoMaintenance>true</NoMaintenance>
			<!--<Pillage>true</Pillage>-->

			<Mechanized>true</Mechanized>
			<IgnoreBuildingDefense>true</IgnoreBuildingDefense>
			<CombatLimit>0</CombatLimit>
			
			<AdvancedStartCost>10</AdvancedStartCost>
			<HurryCostModifier>10</HurryCostModifier>
			<XPValueAttack>3</XPValueAttack>
			<XPValueDefense>3</XPValueDefense>
			<UnitArtInfo>ART_DEF_UNIT_EXOTIC_UNIT_REAPER_DRONE</UnitArtInfo>
			<MoveRate>WHEELED</MoveRate>
			<IconAtlas>SMAN_EXOTIC_UNIT_ATLAS</IconAtlas>
			<PortraitIndex>62</PortraitIndex>
			<UnitFlagAtlas>SMAN_EXOTIC_UNIT_FLAG_ATLAS</UnitFlagAtlas>
			<UnitFlagIconOffset>62</UnitFlagIconOffset>
		</Row>
	</Units>

	<Unit_BuildingClassRequireds>
		<Row>
			<UnitType>UNIT_EXOTIC_UNIT_REAPER_DRONE</UnitType>
			<BuildingClassType>BUILDINGCLASS_SMAN_EU_CONTRACTING_AGENCY</BuildingClassType>
		</Row>
	</Unit_BuildingClassRequireds>
		
	<Unit_AITypes>
		<Row>
			<UnitType>UNIT_EXOTIC_UNIT_REAPER_DRONE</UnitType>
			<UnitAIType>UNITAI_FAST_ATTACK</UnitAIType>
		</Row>
		<Row>
			<UnitType>UNIT_EXOTIC_UNIT_REAPER_DRONE</UnitType>
			<UnitAIType>UNITAI_EXPLORE</UnitAIType>
		</Row>
	</Unit_AITypes>

	<Unit_Flavors>
		<Row>
			<UnitType>UNIT_EXOTIC_UNIT_REAPER_DRONE</UnitType>
			<FlavorType>FLAVOR_OFFENSE</FlavorType>
			<Flavor>12</Flavor>
		</Row>
		<Row>
			<UnitType>UNIT_EXOTIC_UNIT_REAPER_DRONE</UnitType>
			<FlavorType>FLAVOR_MOBILE</FlavorType>
			<Flavor>20</Flavor>
		</Row>
		<Row>
			<UnitType>UNIT_EXOTIC_UNIT_REAPER_DRONE</UnitType>
			<FlavorType>FLAVOR_RECON</FlavorType>
			<Flavor>12</Flavor>
		</Row>
		<Row>
			<UnitType>UNIT_EXOTIC_UNIT_REAPER_DRONE</UnitType>
			<FlavorType>FLAVOR_RANGED</FlavorType>
			<Flavor>17</Flavor>
		</Row>
	</Unit_Flavors>

	<Unit_FreePromotions>
		<Row>
			<UnitType>UNIT_EXOTIC_UNIT_REAPER_DRONE</UnitType>
			<PromotionType>PROMOTION_SMAN_EU_UAV</PromotionType>
		</Row>
	</Unit_FreePromotions>
		
	<UnitGameplay2DScripts>
		<Row>
			<UnitType>UNIT_EXOTIC_UNIT_REAPER_DRONE</UnitType>
			<SelectionSound>AS2D_SELECT_FIGHTER</SelectionSound>
			<FirstSelectionSound>AS2D_BIRTH_FIGHTER</FirstSelectionSound>
		</Row>
	</UnitGameplay2DScripts>


	<Language_en_US>
		<Row Tag="TXT_KEY_UNIT_EXOTIC_UNIT_REAPER_DRONE">
			<Text>Reaper Drone</Text>
		</Row>
		<Row Tag="TXT_KEY_UNIT_EXOTIC_UNIT_REAPER_DRONE_HELP">
			<Text>Information Era recon and ranged unit. Price shown is how much it costs to hire this unit for 20 turns.</Text>
		</Row>
		<Row Tag="TXT_KEY_UNIT_EXOTIC_UNIT_REAPER_DRONE_STRATEGY">
			<Text>The Reaper Drone is a late game hovering unit. It can move around the map like helicopters. It can perform ranged attacks within its range of 3 tiles. The Reaper Drone provides great flexibility to military operations, quickly responding to crises around the world.</Text>
		</Row>
		<Row Tag="TXT_KEY_UNIT_EXOTIC_UNIT_REAPER_DRONE_PEDIA">
			<Text>
				The Reaper Drone is an Information Era Fighter-type unit, available when the civilization discovers Nanotechnology. The Contracting Agency is required for this unit to be built. The Reaper Drone does not become obsolete.[NEWLINE][NEWLINE]
				The General Atomics MQ-9 Reaper is an unmanned aerial vehicle, or UAV, capable of remotely controlled or autonomous flight operations, developed by General Atomics Aeronautical Systems primarily for the United States Air Force. The MQ-9 and other UAVs are referred to as Remotely Piloted Vehicles/Aircraft by the USAF to indicate their human ground controllers. The MQ-9 is the first hunter-killer UAV designed for long-endurance, high-altitude surveillance. In 2006, the then-Chief of Staff of the United States Air Force General T. Michael Moseley said, 'We've moved from using UAVs primarily in intelligence, surveillance, and reconnaissance roles before Operation Iraqi Freedom, to a true hunter-killer role with the Reaper.'[NEWLINE][NEWLINE]The MQ-9 is a larger, heavier, and more capable aircraft than the earlier General Atomics MQ-1 Predator; it can be controlled by the same ground systems used to control MQ-1s. The Reaper has a 950-shaft-horsepower turboprop engine, compared to the Predator's 115 hp piston engine. The greater power allows the Reaper to carry 15 times more ordnance payload and cruise at about three times the speed of the MQ-1. The aircraft is monitored and controlled by aircrew in the Ground Control Station, including weapons employment.
			</Text>
		</Row>
	</Language_en_US>
  
</GameData>