<?xml version="1.0" encoding="utf-8"?>
<!-- Created by ModBuddy on 12/02/17 11:25:43 AM -->
<GameData>
	
	<UnitClasses>
		<Row>
			<Type>UNITCLASS_SMAN_EU_CAMEL_RAIDING_PARTY</Type>
			<Description>TXT_KEY_UNIT_SMAN_EU_CAMEL_RAIDING_PARTY</Description>
			<DefaultUnit>NONE</DefaultUnit>
			<!--<MaxPlayerInstances>2</MaxPlayerInstances>-->
		</Row>
	</UnitClasses>

	<Units>
		<Row>
			<Class>UNITCLASS_SMAN_EU_CAMEL_RAIDING_PARTY</Class>
			<Type>UNIT_SMAN_EU_CAMEL_RAIDING_PARTY</Type>
			<Combat>4</Combat>
			<!--<RangedCombat>11</RangedCombat>
			<Range>2</Range>-->
			<Cost>45</Cost>
			<FaithCost>90</FaithCost>
			<RequiresFaithPurchaseEnabled>true</RequiresFaithPurchaseEnabled>
			<Moves>2</Moves>
			<BaseSightRange>2</BaseSightRange>
			<PrereqTech>TECH_HORSEBACK_RIDING</PrereqTech>
			<ObsoleteTech>TECH_GUNPOWDER</ObsoleteTech>
			<CombatClass>UNITCOMBAT_ARCHER</CombatClass>
			<Domain>DOMAIN_LAND</Domain>
			<DefaultUnitAI>UNITAI_RANGED</DefaultUnitAI>
			<Description>TXT_KEY_UNIT_SMAN_EU_CAMEL_RAIDING_PARTY</Description>
			<Help>TXT_KEY_UNIT_SMAN_EU_CAMEL_RAIDING_PARTY_HELP</Help>
			<Strategy>TXT_KEY_UNIT_SMAN_EU_CAMEL_RAIDING_PARTY_STRATEGY</Strategy>
			<Civilopedia>TXT_KEY_UNIT_SMAN_EU_CAMEL_RAIDING_PARTY_PEDIA</Civilopedia>
			<MilitarySupport>true</MilitarySupport>
			<MilitaryProduction>true</MilitaryProduction>
			<Pillage>true</Pillage>
			<HurryCostModifier>25</HurryCostModifier>
			<AdvancedStartCost>25</AdvancedStartCost>
			<XPValueAttack>3</XPValueAttack>
			<XPValueDefense>3</XPValueDefense>
			<Conscription>1</Conscription>
			<UnitArtInfo>ART_DEF_UNIT_SMAN_EU_CAMEL_RAIDING_PARTY</UnitArtInfo>
			<IconAtlas>SMAN_EXOTIC_UNIT_ATLAS</IconAtlas>
			<PortraitIndex>2</PortraitIndex>
			<UnitFlagAtlas>SMAN_EXOTIC_UNIT_FLAG_ATLAS</UnitFlagAtlas>
			<UnitFlagIconOffset>2</UnitFlagIconOffset>
			<MoveRate>QUADRUPED</MoveRate>
		</Row>
	</Units>

	<!--
	<Unit_BuildingClassRequireds>
		
		<Row>
			<UnitType>UNIT_SMAN_EU_CAMEL_RAIDING_PARTY</UnitType>
			<BuildingClassType></BuildingClassType>
		</Row>
		
	</Unit_BuildingClassRequireds>

	<Unit_ResourceQuantityRequirements>
		<Row>
			<UnitType>UNIT_SMAN_EU_CAMEL_RAIDING_PARTY</UnitType>
			<ResourceType>RESOURCE_SMAN_EU_CAMELS</ResourceType>
			<Cost>1</Cost>
		</Row>
	</Unit_ResourceQuantityRequirements>
	-->
	
	<Unit_FreePromotions>
		<Row>
			<UnitType>UNIT_SMAN_EU_CAMEL_RAIDING_PARTY</UnitType>
			<PromotionType>PROMOTION_SMAN_KHAMSIN_PROMOTION</PromotionType>
		</Row>
	</Unit_FreePromotions>
	
	<Unit_AITypes>
		<Row>
			<UnitType>UNIT_SMAN_EU_CAMEL_RAIDING_PARTY</UnitType>
			<UnitAIType>UNITAI_DEFENSE</UnitAIType>
		</Row>
		<Row>
			<UnitType>UNIT_SMAN_EU_CAMEL_RAIDING_PARTY</UnitType>
			<UnitAIType>UNITAI_ATTACK</UnitAIType>
		</Row>		
	</Unit_AITypes>

	<Unit_Flavors>
		<Row>
			<UnitType>UNIT_SMAN_EU_CAMEL_RAIDING_PARTY</UnitType>
			<FlavorType>FLAVOR_OFFENSE</FlavorType>
			<Flavor>2</Flavor>
		</Row>
		<Row>
			<UnitType>UNIT_SMAN_EU_CAMEL_RAIDING_PARTY</UnitType>
			<FlavorType>FLAVOR_DEFENSE</FlavorType>
			<Flavor>5</Flavor>
		</Row>
	</Unit_Flavors>

	<Unit_ClassUpgrades>
		<Row>
			<UnitType>UNIT_SMAN_EU_CAMEL_RAIDING_PARTY</UnitType>
			<UnitClassType>UNITCLASS_SMAN_EU_CAMEL_RIFLEMAN</UnitClassType>
		</Row>
	</Unit_ClassUpgrades>

	<UnitGameplay2DScripts>
		<Row>
			<UnitType>UNIT_SMAN_EU_CAMEL_RAIDING_PARTY</UnitType>
			<SelectionSound>AS2D_SELECT_CAMEL_ARCHER</SelectionSound>
			<FirstSelectionSound>AS2D_BIRTH_CAMEL_ARCHER</FirstSelectionSound>
		</Row>
	</UnitGameplay2DScripts>


	<Language_en_US>
		<Row Tag="TXT_KEY_UNIT_SMAN_EU_CAMEL_RAIDING_PARTY">
			<Text>Camel Raiding Party</Text>
		</Row>
		<Row Tag="TXT_KEY_UNIT_SMAN_EU_CAMEL_RAIDING_PARTY_HELP">
			<Text>A lumbering Ancient Era melee unit, excels at hit and run tactics.</Text>
		</Row>
		<Row Tag="TXT_KEY_UNIT_SMAN_EU_CAMEL_RAIDING_PARTY_STRATEGY">
			<Text>The Camel Raiding Party is a motley collection of partisans, renegades, and criminals. It is a melee unit that can move after combat. It also receives +33% attack bonus when attacking from Desert tiles, doubles its movement in Desert tiles, and can pillage at no movement cost.</Text>
		</Row>
		<Row Tag="TXT_KEY_UNIT_SMAN_EU_CAMEL_RAIDING_PARTY_PEDIA">
			<Text>
				The Camel Raiding Party is an inexpensive Classical Era ranged unit that specializes in hit-and-run tactics, available at the discovery of Horseback Riding. It becomes obsolete at the discovery of Gunpowder, at which time it may upgrade to the Camel Rifleman unit.[NEWLINE][NEWLINE]These units specialize in raiding objectives, usually in enemy territory. A raid, also known as depredation, is a military tactic or operational warfare mission which has a specific purpose and is not normally intended to capture and hold terrain, but instead finish with the raiding force quickly retreating to a previous defended position prior to enemy forces being able to respond in a co-ordinated manner or formulate a counter-attack. A raiding group may consist of combatants specially trained in this tactic, such as commandos, or as a special mission assigned to any general troops. Raids are often a standard tactic in irregular warfare, employed by warriors, guerrilla fighters, or other irregular military forces.[NEWLINE][NEWLINE]The purposes of a raid may include: to demoralize, confuse, or exhaust the enemy; to ransack, pillage, or plunder; to destroy specific goods or installations of military or economic value; to free Prisoners Of War; to capture enemy soldiers for interrogation; to kill or capture specific key persons; and to gather intelligence.
			</Text>
		</Row>
	</Language_en_US>	
	
</GameData>